account_id,customer_id,account_type,open_date,status,balance_eur
A0000001,C000931,Savings,2015-09-05,Active,9437.8
A0000002,C000307,Current,2023-06-22,Active,2460.8
A0000003,C000138,Savings,2019-05-15,Active,6046.99
A0000004,C000199,Current,2023-01-05,Active,1416.88
A0000005,C000132,Payroll,2023-07-22,Active,1817.26
A0000006,C000955,Savings,2014-06-28,Active,2376.02
A0000007,C000884,Payroll,2017-10-21,Active,6704.85
A0000008,C000811,Current,2022-05-18,Active,3684.17
A0000009,C000730,Current,2018-12-15,Active,-1500.0
A0000010,C000344,Current,2019-02-01,Active,8665.55
A0000011,C000476,Current,2019-09-12,Active,1387.3
A0000012,C000842,Savings,2021-01-06,Active,769.02
A0000013,C000815,Payroll,2023-05-20,Active,-1500.0
A0000014,C000519,Savings,2022-11-12,Active,4910.72
A0000015,C000838,Savings,2020-03-31,Active,2883.85
A0000016,C000347,Current,2019-10-07,Active,2879.72
A0000017,C000414,Current,2017-08-10,Active,969.27
A0000018,C000840,Savings,2015-03-01,Active,314.17
A0000019,C000377,Current,2021-01-31,Active,1095.59
A0000020,C000753,Current,2014-01-10,Active,4260.01
A0000021,C000454,Payroll,2020-12-23,Active,4928.65
A0000022,C000298,Payroll,2018-12-19,Active,1622.08
A0000023,C000219,Savings,2021-11-10,Active,6105.96
A0000024,C000607,Current,2023-06-27,Active,2199.9
A0000025,C000480,Payroll,2019-07-12,Active,583.94
A0000026,C000370,Current,2019-09-22,Active,3253.98
A0000027,C000744,Current,2018-11-14,Active,-1500.0
A0000028,C000002,Current,2017-09-23,Active,3384.33
A0000029,C000093,Payroll,2014-11-21,Active,-1500.0
A0000030,C000962,Payroll,2014-04-23,Active,-1405.36
A0000031,C000664,Savings,2021-03-23,Active,-1500.0
A0000032,C000550,Current,2023-02-22,Active,1834.56
A0000033,C000015,Savings,2014-07-16,Active,8616.61
A0000034,C000599,Current,2017-04-09,Active,2055.11
A0000035,C000435,Payroll,2020-01-29,Active,4945.62
A0000036,C000600,Current,2021-01-16,Active,11438.79
A0000037,C000042,Current,2021-05-07,Active,4035.41
A0000038,C000551,Savings,2020-12-08,Active,-407.81
A0000039,C000578,Savings,2014-11-03,Active,115.24
A0000040,C000291,Payroll,2016-07-15,Inactive,2502.5
A0000041,C000055,Current,2018-09-09,Active,95.0
A0000042,C000972,Payroll,2014-08-21,Active,379.27
A0000043,C000710,Current,2017-06-06,Active,6243.96
A0000044,C000622,Current,2017-11-06,Active,6399.39
A0000045,C000768,Savings,2023-10-11,Active,-1500.0
A0000046,C000671,Current,2017-03-03,Active,-609.04
A0000047,C000135,Savings,2023-09-16,Active,736.78
A0000048,C000455,Current,2020-12-30,Active,4776.54
A0000049,C000889,Current,2020-12-01,Active,6843.69
A0000050,C000288,Savings,2022-03-12,Active,12767.48
A0000051,C000973,Current,2022-06-02,Active,730.44
A0000052,C000065,Savings,2016-03-22,Active,920.23
A0000053,C000331,Savings,2018-03-17,Active,4736.57
A0000054,C000351,Current,2019-04-13,Active,-92.42
A0000055,C000618,Savings,2023-10-06,Active,1964.34
A0000056,C000177,Current,2014-05-29,Active,922.86
A0000057,C000230,Current,2018-10-07,Active,-1500.0
A0000058,C000663,Current,2016-02-22,Active,2968.29
A0000059,C000285,Payroll,2016-01-25,Active,1807.03
A0000060,C000880,Savings,2021-08-12,Active,7330.68
A0000061,C000871,Savings,2016-01-07,Inactive,2520.86
A0000062,C000303,Payroll,2021-12-05,Active,-1500.0
A0000063,C000560,Current,2023-12-07,Active,1519.22
A0000064,C000333,Payroll,2021-10-04,Active,-1500.0
A0000065,C000345,Savings,2015-09-13,Active,-1500.0
A0000066,C000671,Payroll,2015-06-04,Active,4914.92
A0000067,C000294,Payroll,2018-05-15,Active,1560.11
A0000068,C000150,Payroll,2019-07-05,Active,6005.53
A0000069,C000260,Current,2021-10-11,Active,-1500.0
A0000070,C000930,Savings,2018-03-23,Active,1578.65
A0000071,C000260,Payroll,2015-09-02,Active,693.05
A0000072,C000364,Savings,2023-11-28,Active,6132.22
A0000073,C000629,Current,2023-01-15,Inactive,5056.5
A0000074,C000102,Payroll,2020-07-15,Active,4940.56
A0000075,C000269,Current,2020-12-13,Active,8357.36
A0000076,C000175,Savings,2023-05-07,Active,1101.27
A0000077,C000925,Savings,2018-09-30,Active,7573.31
A0000078,C000933,Current,2015-06-15,Active,-1467.98
A0000079,C000756,Savings,2020-01-21,Inactive,-1500.0
A0000080,C000248,Current,2018-07-04,Active,5360.44
A0000081,C000617,Savings,2021-12-29,Active,-1500.0
A0000082,C000663,Payroll,2021-09-17,Active,4676.51
A0000083,C000870,Current,2018-09-17,Active,2884.99
A0000084,C000157,Savings,2017-09-04,Active,6573.04
A0000085,C000737,Current,2018-03-21,Active,2274.11
A0000086,C000195,Payroll,2020-04-27,Active,2712.99
A0000087,C000569,Payroll,2020-05-14,Active,4435.21
A0000088,C000880,Current,2019-02-11,Active,-18.07
A0000089,C000063,Savings,2019-04-26,Active,-183.58
A0000090,C000149,Savings,2023-11-30,Active,4302.83
A0000091,C000814,Savings,2016-07-15,Inactive,2388.71
A0000092,C000019,Savings,2015-09-27,Active,952.21
A0000093,C000686,Savings,2021-12-26,Active,2185.42
A0000094,C000502,Savings,2023-05-08,Active,8559.33
A0000095,C000347,Current,2020-01-31,Active,816.53
A0000096,C000863,Current,2018-01-05,Active,706.33
A0000097,C000849,Payroll,2017-06-26,Active,-1500.0
A0000098,C000326,Current,2018-09-05,Inactive,2339.06
A0000099,C000005,Savings,2014-07-11,Active,4996.16
A0000100,C000129,Current,2019-04-14,Active,5677.55
A0000101,C000108,Payroll,2016-09-11,Active,2911.23
A0000102,C000983,Savings,2016-08-26,Active,6132.17
A0000103,C000597,Current,2019-08-08,Inactive,5278.68
A0000104,C000677,Current,2023-08-19,Active,6729.21
A0000105,C000231,Current,2016-01-22,Active,6240.35
A0000106,C000851,Payroll,2023-02-09,Active,8465.92
A0000107,C000723,Savings,2019-03-11,Active,1855.17
A0000108,C000753,Savings,2023-09-22,Active,-1500.0
A0000109,C000469,Savings,2017-10-27,Active,5022.13
A0000110,C000699,Current,2023-12-18,Active,5466.1
A0000111,C000545,Current,2020-08-05,Active,8465.98
A0000112,C000385,Current,2020-09-10,Active,7368.9
A0000113,C000595,Current,2019-08-18,Inactive,9892.8
A0000114,C000325,Savings,2018-07-07,Active,4855.45
A0000115,C000953,Payroll,2019-04-01,Active,3369.48
A0000116,C000717,Payroll,2022-07-03,Active,-1500.0
A0000117,C000739,Payroll,2021-12-02,Active,3670.77
A0000118,C000717,Savings,2014-03-28,Active,400.49
A0000119,C000449,Current,2020-12-10,Active,3303.74
A0000120,C000951,Savings,2022-05-04,Active,2707.15
A0000121,C000208,Payroll,2021-06-09,Active,4292.59
A0000122,C000569,Savings,2018-12-21,Active,2130.14
A0000123,C000070,Savings,2017-05-09,Active,6053.08
A0000124,C000295,Savings,2020-09-23,Active,-1500.0
A0000125,C000575,Savings,2020-08-19,Inactive,3221.98
A0000126,C000490,Payroll,2017-09-27,Active,7069.46
A0000127,C000942,Savings,2018-01-23,Active,9606.18
A0000128,C000614,Current,2017-09-07,Inactive,5281.45
A0000129,C000412,Current,2014-06-14,Active,8902.56
A0000130,C000427,Savings,2014-04-26,Active,3141.96
A0000131,C000612,Current,2014-10-31,Inactive,2510.88
A0000132,C000792,Payroll,2018-03-27,Active,4511.78
A0000133,C000277,Savings,2019-02-07,Active,2487.86
A0000134,C000585,Savings,2018-01-30,Active,-472.96
A0000135,C000575,Current,2023-07-19,Active,542.09
A0000136,C000010,Savings,2016-03-31,Active,-1500.0
A0000137,C000913,Savings,2017-12-05,Active,4507.83
A0000138,C000570,Current,2016-06-21,Active,2543.29
A0000139,C000243,Payroll,2016-12-30,Active,1130.91
A0000140,C000634,Current,2019-11-03,Active,346.6
A0000141,C000678,Current,2017-02-05,Active,4419.21
A0000142,C000916,Current,2017-03-05,Active,5465.7
A0000143,C000035,Savings,2020-09-14,Active,-1500.0
A0000144,C000414,Savings,2022-04-19,Active,-1500.0
A0000145,C000181,Payroll,2016-02-15,Active,6127.14
A0000146,C000575,Current,2015-02-11,Active,-1500.0
A0000147,C000502,Payroll,2016-05-24,Active,4580.45
A0000148,C000475,Savings,2019-10-10,Active,8644.25
A0000149,C000983,Current,2023-08-04,Active,8653.09
A0000150,C000532,Current,2015-08-08,Active,5303.92
A0000151,C000412,Current,2014-06-06,Active,5193.48
A0000152,C000068,Payroll,2019-04-13,Active,11057.25
A0000153,C000290,Current,2023-11-26,Active,-1500.0
A0000154,C000898,Savings,2019-07-10,Active,735.52
A0000155,C000452,Savings,2023-03-29,Active,5724.27
A0000156,C000911,Payroll,2020-06-02,Active,1218.31
A0000157,C000533,Savings,2014-04-26,Active,7211.16
A0000158,C000549,Savings,2018-04-10,Active,2350.45
A0000159,C000430,Current,2021-09-11,Active,3000.63
A0000160,C000557,Payroll,2019-02-03,Active,1456.24
A0000161,C000067,Current,2015-12-13,Inactive,514.46
A0000162,C000058,Current,2015-10-23,Active,420.98
A0000163,C000476,Payroll,2020-08-18,Active,3530.43
A0000164,C000598,Current,2018-08-18,Active,-443.35
A0000165,C000551,Current,2019-09-27,Active,6122.18
A0000166,C000430,Savings,2017-09-23,Inactive,4982.26
A0000167,C000295,Current,2017-05-22,Active,6677.78
A0000168,C000710,Current,2020-08-28,Active,-1500.0
A0000169,C000605,Savings,2014-01-29,Active,-1500.0
A0000170,C000048,Savings,2018-05-07,Active,2484.09
A0000171,C000453,Savings,2017-09-15,Active,13515.44
A0000172,C000711,Current,2021-10-15,Active,7311.59
A0000173,C000785,Savings,2021-04-12,Active,393.1
A0000174,C000287,Payroll,2018-04-04,Active,4113.15
A0000175,C000925,Current,2016-08-16,Active,5264.83
A0000176,C000652,Current,2016-05-10,Active,-1500.0
A0000177,C000438,Current,2016-02-11,Active,7704.58
A0000178,C000628,Savings,2016-09-25,Active,1863.79
A0000179,C000872,Current,2021-08-08,Active,2155.41
A0000180,C000227,Savings,2014-06-15,Active,2590.38
A0000181,C000151,Payroll,2014-04-06,Active,6849.25
A0000182,C000441,Current,2019-05-25,Active,-369.69
A0000183,C000084,Savings,2016-03-26,Inactive,-1500.0
A0000184,C000836,Current,2022-04-21,Active,3727.23
A0000185,C000971,Current,2021-07-08,Active,-1500.0
A0000186,C000606,Savings,2021-09-08,Active,1355.81
A0000187,C000980,Current,2018-07-27,Active,7010.12
A0000188,C000069,Payroll,2018-05-17,Inactive,4700.56
A0000189,C000633,Savings,2018-04-03,Active,6460.95
A0000190,C000443,Current,2015-12-17,Active,4857.34
A0000191,C000278,Current,2019-09-02,Inactive,11659.27
A0000192,C000312,Current,2022-08-18,Active,264.69
A0000193,C000546,Payroll,2016-07-25,Active,4012.9
A0000194,C000642,Savings,2014-07-27,Active,835.14
A0000195,C000165,Current,2019-08-24,Active,6135.84
A0000196,C000615,Savings,2017-12-28,Active,2266.02
A0000197,C000927,Savings,2021-12-20,Inactive,9031.61
A0000198,C000011,Savings,2022-07-24,Active,482.9
A0000199,C000879,Current,2023-07-02,Active,7847.08
A0000200,C000608,Current,2017-12-06,Active,4753.93
A0000201,C000343,Current,2023-01-05,Active,2376.65
A0000202,C000735,Current,2015-03-07,Active,4561.28
A0000203,C000618,Savings,2017-09-22,Active,3492.8
A0000204,C000769,Current,2016-08-28,Active,3852.63
A0000205,C000082,Current,2023-03-24,Active,1713.89
A0000206,C000059,Current,2019-12-31,Active,-166.04
A0000207,C000643,Current,2017-08-28,Active,1226.73
A0000208,C000304,Payroll,2015-07-09,Inactive,-1500.0
A0000209,C000239,Savings,2021-10-28,Active,5699.4
A0000210,C000422,Current,2020-07-18,Active,-1500.0
A0000211,C000726,Savings,2022-07-11,Active,1672.94
A0000212,C000180,Current,2018-05-19,Inactive,4962.57
A0000213,C000974,Payroll,2015-07-02,Active,5689.71
A0000214,C000421,Savings,2017-05-05,Active,-1500.0
A0000215,C000151,Savings,2020-03-13,Active,2150.98
A0000216,C000072,Payroll,2016-05-29,Active,4247.03
A0000217,C000858,Payroll,2014-09-16,Active,2697.66
A0000218,C000114,Payroll,2022-03-25,Inactive,7607.48
A0000219,C000419,Current,2019-04-21,Active,-622.87
A0000220,C000669,Current,2017-12-18,Active,-1500.0
A0000221,C000514,Savings,2019-07-11,Active,5579.24
A0000222,C000263,Savings,2021-05-19,Active,459.07
A0000223,C000108,Savings,2014-01-05,Active,-1500.0
A0000224,C000712,Savings,2018-05-27,Active,1897.65
A0000225,C000491,Current,2016-07-16,Active,7176.12
A0000226,C000049,Current,2014-12-02,Active,-1500.0
A0000227,C000182,Savings,2014-05-12,Active,11376.78
A0000228,C000563,Current,2018-05-27,Active,-683.95
A0000229,C000169,Savings,2019-06-09,Active,2830.64
A0000230,C000392,Savings,2019-01-28,Active,-1500.0
A0000231,C000125,Savings,2021-10-28,Active,2658.12
A0000232,C000797,Savings,2018-07-30,Active,1991.76
A0000233,C000631,Savings,2019-11-24,Active,-1500.0
A0000234,C000784,Savings,2022-02-27,Active,13238.14
A0000235,C000053,Current,2020-07-27,Active,617.72
A0000236,C000376,Savings,2023-02-07,Active,621.04
A0000237,C000268,Savings,2016-03-19,Active,6182.34
A0000238,C000623,Current,2021-11-11,Active,9394.17
A0000239,C000822,Savings,2020-12-18,Active,6780.46
A0000240,C000228,Payroll,2019-10-29,Active,-1500.0
A0000241,C000770,Current,2014-01-14,Active,3312.85
A0000242,C000581,Savings,2019-05-31,Active,-1500.0
A0000243,C000825,Payroll,2022-07-31,Active,5926.48
A0000244,C000082,Payroll,2020-06-10,Active,-1500.0
A0000245,C000991,Current,2014-01-19,Active,-552.17
A0000246,C000435,Savings,2016-11-16,Inactive,2487.83
A0000247,C000281,Payroll,2019-09-10,Active,4191.02
A0000248,C000183,Savings,2022-02-11,Active,1508.45
A0000249,C000985,Current,2018-06-12,Inactive,8272.52
A0000250,C000884,Current,2022-07-25,Active,5248.31
A0000251,C000132,Savings,2021-12-14,Active,4949.95
A0000252,C000445,Current,2016-09-02,Active,-1500.0
A0000253,C000734,Current,2015-12-13,Active,8957.6
A0000254,C000591,Current,2023-01-09,Active,-551.65
A0000255,C000190,Savings,2019-11-21,Active,9102.66
A0000256,C000361,Savings,2022-06-25,Active,10184.34
A0000257,C000369,Payroll,2023-03-20,Active,4448.09
A0000258,C000289,Savings,2018-03-30,Active,6421.65
A0000259,C000961,Payroll,2014-06-16,Active,-1500.0
A0000260,C000203,Payroll,2023-01-31,Active,1758.99
A0000261,C000707,Current,2019-11-01,Active,6688.23
A0000262,C000912,Savings,2015-03-16,Active,6013.14
A0000263,C000795,Current,2019-04-18,Active,-1500.0
A0000264,C000800,Payroll,2014-04-13,Active,1383.86
A0000265,C000159,Current,2016-11-23,Active,-1500.0
A0000266,C000134,Savings,2017-06-23,Active,4069.37
A0000267,C000783,Payroll,2018-07-17,Active,-1500.0
A0000268,C000747,Current,2019-08-26,Active,6795.82
A0000269,C000742,Payroll,2022-05-22,Active,6994.35
A0000270,C000419,Current,2017-07-06,Active,697.41
A0000271,C000524,Current,2021-05-07,Active,4480.85
A0000272,C000016,Savings,2023-06-01,Active,1675.02
A0000273,C000292,Current,2021-06-25,Active,3419.25
A0000274,C000529,Savings,2016-07-18,Active,-1500.0
A0000275,C000126,Payroll,2020-10-09,Active,4865.47
A0000276,C000131,Current,2016-10-23,Active,-1500.0
A0000277,C000046,Savings,2018-10-11,Active,-1500.0
A0000278,C000210,Payroll,2020-05-06,Inactive,2036.67
A0000279,C000993,Savings,2016-12-06,Active,1697.28
A0000280,C000697,Current,2014-01-15,Active,3534.75
A0000281,C000949,Payroll,2022-05-14,Active,31.87
A0000282,C000258,Current,2021-04-09,Active,9665.63
A0000283,C000599,Savings,2015-03-26,Active,3110.3
A0000284,C000892,Savings,2017-10-09,Active,3384.95
A0000285,C000353,Savings,2016-08-13,Active,3249.49
A0000286,C000658,Current,2023-10-09,Active,6311.06
A0000287,C000693,Current,2023-05-31,Active,4688.87
A0000288,C000833,Savings,2020-11-28,Active,4179.67
A0000289,C000970,Current,2018-05-28,Active,5296.74
A0000290,C000616,Savings,2014-07-10,Active,-1500.0
A0000291,C000583,Savings,2016-06-20,Active,-1500.0
A0000292,C000869,Savings,2014-12-05,Active,2210.98
A0000293,C000685,Current,2021-11-21,Active,1748.84
A0000294,C000362,Current,2014-11-18,Active,4703.28
A0000295,C000631,Payroll,2020-10-08,Inactive,2576.06
A0000296,C000550,Current,2023-07-10,Active,4711.09
A0000297,C000229,Current,2017-01-28,Active,-1500.0
A0000298,C000516,Current,2020-11-01,Active,2459.17
A0000299,C000624,Current,2022-10-14,Active,-1500.0
A0000300,C000904,Payroll,2018-04-10,Active,3970.06
A0000301,C000581,Current,2018-06-27,Active,-1500.0
A0000302,C000165,Current,2016-01-02,Active,3823.58
A0000303,C000988,Savings,2018-04-10,Active,-1500.0
A0000304,C000579,Current,2022-09-24,Active,1042.59
A0000305,C000288,Current,2020-08-18,Active,5900.73
A0000306,C000755,Payroll,2016-01-06,Active,3364.04
A0000307,C000385,Savings,2019-04-06,Active,-1500.0
A0000308,C000371,Current,2021-01-23,Active,-55.1
A0000309,C000840,Current,2014-10-10,Active,-1500.0
A0000310,C000868,Current,2021-08-18,Active,-1500.0
A0000311,C000524,Current,2016-01-05,Active,2947.12
A0000312,C000374,Savings,2016-12-11,Active,4629.13
A0000313,C000864,Savings,2018-02-28,Active,4174.3
A0000314,C000174,Savings,2019-01-17,Active,4789.98
A0000315,C000748,Payroll,2023-02-26,Active,2454.74
A0000316,C000585,Current,2016-03-24,Inactive,1461.12
A0000317,C000855,Payroll,2016-07-22,Active,-1500.0
A0000318,C000421,Savings,2017-10-15,Active,827.7
A0000319,C000833,Current,2022-07-27,Active,-1500.0
A0000320,C000016,Payroll,2023-08-24,Active,-711.63
A0000321,C000759,Current,2018-07-17,Active,2837.92
A0000322,C000070,Savings,2020-12-04,Active,2052.34
A0000323,C000643,Savings,2023-03-03,Active,14145.97
A0000324,C000196,Current,2022-06-18,Active,-1500.0
A0000325,C000964,Payroll,2020-10-22,Active,2024.62
A0000326,C000770,Current,2019-05-28,Inactive,-1500.0
A0000327,C000105,Payroll,2023-11-02,Inactive,1026.41
A0000328,C000893,Current,2016-05-22,Active,1181.05
A0000329,C000252,Current,2017-08-17,Active,5710.54
A0000330,C000546,Current,2021-02-15,Active,791.27
A0000331,C000086,Payroll,2014-03-18,Active,1772.99
A0000332,C000106,Current,2019-01-02,Active,864.79
A0000333,C000242,Payroll,2022-07-16,Active,-1500.0
A0000334,C000535,Current,2015-10-08,Active,22.01
A0000335,C000543,Savings,2022-01-10,Active,1048.64
A0000336,C000856,Current,2018-02-14,Active,2780.54
A0000337,C000166,Current,2022-08-07,Inactive,4624.0
A0000338,C000750,Payroll,2020-05-06,Inactive,1608.53
A0000339,C000006,Current,2015-07-28,Active,1541.73
A0000340,C000292,Savings,2021-05-07,Active,-1500.0
A0000341,C000176,Savings,2014-07-24,Active,4550.99
A0000342,C000124,Savings,2016-06-06,Active,-144.41
A0000343,C000585,Savings,2022-11-17,Active,5339.07
A0000344,C000901,Payroll,2022-10-03,Active,7502.47
A0000345,C000667,Savings,2014-06-19,Active,1785.92
A0000346,C000855,Savings,2017-10-17,Active,-1388.58
A0000347,C000592,Savings,2014-12-10,Inactive,2436.55
A0000348,C000054,Savings,2016-09-16,Active,3825.07
A0000349,C000346,Current,2023-09-02,Active,1301.02
A0000350,C000824,Savings,2015-12-14,Active,356.65
A0000351,C000045,Current,2020-05-30,Active,4641.42
A0000352,C000098,Savings,2022-01-14,Active,4390.8
A0000353,C000834,Payroll,2022-10-21,Active,1184.1
A0000354,C000064,Payroll,2017-07-16,Active,-1500.0
A0000355,C000960,Payroll,2020-12-18,Active,4234.24
A0000356,C000759,Savings,2018-10-31,Active,-415.84
A0000357,C000666,Savings,2015-01-27,Active,3314.5
A0000358,C000537,Current,2016-03-24,Active,3074.4
A0000359,C000090,Savings,2021-06-23,Active,-1500.0
A0000360,C000415,Current,2020-11-09,Active,2808.11
A0000361,C000808,Current,2019-03-17,Active,4455.22
A0000362,C000904,Payroll,2021-10-21,Active,4921.18
A0000363,C000447,Payroll,2020-11-28,Active,2945.99
A0000364,C000840,Savings,2017-05-23,Active,-1500.0
A0000365,C000777,Current,2016-12-08,Active,7352.91
A0000366,C000058,Savings,2023-06-12,Active,4061.89
A0000367,C000621,Current,2023-09-18,Active,-1500.0
A0000368,C000617,Payroll,2014-04-22,Active,-493.5
A0000369,C000543,Payroll,2021-11-26,Active,3378.65
A0000370,C000773,Current,2015-05-01,Active,5083.18
A0000371,C000890,Current,2022-08-10,Active,645.74
A0000372,C000551,Current,2019-11-20,Active,5637.0
A0000373,C000321,Current,2020-11-15,Active,-1500.0
A0000374,C000984,Current,2021-01-04,Active,-1461.34
A0000375,C000964,Current,2020-01-17,Active,-1500.0
A0000376,C000687,Current,2016-07-03,Active,-910.14
A0000377,C000641,Current,2022-01-25,Active,8230.69
A0000378,C000105,Current,2019-07-16,Active,10319.65
A0000379,C000402,Savings,2019-06-13,Active,3391.44
A0000380,C000199,Current,2017-03-08,Active,73.97
A0000381,C000515,Payroll,2014-02-06,Active,1657.77
A0000382,C000827,Current,2019-07-16,Active,4298.69
A0000383,C000225,Current,2017-06-13,Active,-1500.0
A0000384,C000997,Current,2020-08-03,Active,324.5
A0000385,C000130,Savings,2017-08-23,Active,7952.59
A0000386,C000099,Current,2023-09-21,Active,-1473.7
A0000387,C000975,Savings,2020-10-21,Active,-346.29
A0000388,C000101,Current,2018-07-22,Active,2550.14
A0000389,C000736,Payroll,2021-01-28,Active,3575.94
A0000390,C000764,Current,2020-06-23,Active,124.98
A0000391,C000331,Current,2020-03-14,Active,2792.46
A0000392,C000065,Payroll,2019-10-11,Active,4810.17
A0000393,C000309,Current,2023-04-25,Active,9953.52
A0000394,C000069,Current,2017-03-05,Active,2020.27
A0000395,C000673,Payroll,2018-04-28,Active,2343.07
A0000396,C000889,Current,2016-07-12,Active,8304.32
A0000397,C000998,Current,2019-09-10,Active,413.17
A0000398,C000801,Current,2023-11-15,Active,-1500.0
A0000399,C000775,Current,2020-01-30,Active,3450.95
A0000400,C000882,Payroll,2016-01-26,Inactive,6589.47
A0000401,C000770,Savings,2023-03-18,Inactive,3871.98
A0000402,C000651,Savings,2021-11-24,Active,2131.34
A0000403,C000997,Current,2018-05-26,Active,-1500.0
A0000404,C000323,Savings,2015-06-20,Active,2278.2
A0000405,C000413,Savings,2018-01-09,Active,7185.99
A0000406,C000907,Current,2022-01-14,Active,-1500.0
A0000407,C000312,Payroll,2019-10-08,Active,1569.96
A0000408,C000299,Savings,2015-11-09,Active,1027.56
A0000409,C000153,Savings,2015-08-02,Active,-151.28
A0000410,C000276,Current,2023-09-01,Active,3442.11
A0000411,C000594,Current,2018-06-21,Active,4184.56
A0000412,C000887,Savings,2020-11-08,Active,4144.74
A0000413,C000137,Savings,2017-08-09,Active,-1211.88
A0000414,C000681,Current,2014-11-25,Active,-1500.0
A0000415,C000767,Current,2018-02-12,Active,3497.08
A0000416,C000896,Payroll,2020-12-05,Active,577.51
A0000417,C000751,Current,2017-05-01,Active,9485.59
A0000418,C000156,Current,2020-01-13,Active,9661.14
A0000419,C000489,Savings,2018-05-19,Active,10064.62
A0000420,C000953,Current,2017-05-17,Active,-1072.42
A0000421,C000909,Current,2016-07-19,Active,4663.6
A0000422,C000613,Current,2016-08-09,Active,5809.62
A0000423,C000964,Payroll,2016-07-22,Active,5381.75
A0000424,C000669,Current,2021-03-08,Active,1153.29
A0000425,C000065,Savings,2017-05-16,Active,7360.83
A0000426,C000915,Payroll,2021-05-29,Active,2501.8
A0000427,C000169,Savings,2017-02-09,Active,2986.8
A0000428,C000381,Savings,2017-04-09,Active,-1500.0
A0000429,C000239,Savings,2023-03-28,Active,4950.11
A0000430,C000720,Current,2022-10-04,Active,1510.44
A0000431,C000030,Savings,2018-01-02,Active,4266.16
A0000432,C000641,Payroll,2016-09-08,Active,3393.43
A0000433,C000865,Savings,2021-02-25,Active,3187.56
A0000434,C000788,Current,2014-09-13,Active,2326.29
A0000435,C000307,Current,2018-07-25,Active,5489.08
A0000436,C000897,Payroll,2019-12-30,Active,1744.21
A0000437,C000363,Current,2020-10-02,Active,-1500.0
A0000438,C000681,Payroll,2015-01-26,Active,4662.03
A0000439,C000507,Current,2014-01-11,Active,-574.22
A0000440,C000068,Savings,2016-10-06,Active,-1500.0
A0000441,C000003,Payroll,2015-03-12,Active,-1384.52
A0000442,C000184,Savings,2019-01-26,Inactive,3576.66
A0000443,C000935,Current,2023-03-11,Active,2133.23
A0000444,C000954,Payroll,2016-11-11,Active,-1500.0
A0000445,C000411,Current,2018-07-15,Active,1042.11
A0000446,C000969,Current,2016-02-24,Inactive,6943.08
A0000447,C000050,Savings,2014-06-10,Active,785.08
A0000448,C000968,Current,2021-01-10,Active,1871.19
A0000449,C000231,Savings,2016-07-24,Active,6463.37
A0000450,C000037,Current,2019-06-20,Active,5522.86
A0000451,C000758,Current,2020-10-29,Active,6382.65
A0000452,C000383,Payroll,2022-05-24,Active,-1500.0
A0000453,C000293,Current,2015-11-09,Active,9087.39
A0000454,C000760,Savings,2019-10-23,Active,4918.32
A0000455,C000334,Savings,2023-02-07,Active,11853.61
A0000456,C000753,Payroll,2018-10-31,Active,-472.84
A0000457,C000196,Savings,2014-05-29,Inactive,-1500.0
A0000458,C000086,Payroll,2016-08-11,Active,2527.43
A0000459,C000325,Current,2021-12-10,Active,1453.59
A0000460,C000610,Current,2021-12-01,Active,4983.92
A0000461,C000225,Payroll,2017-02-21,Active,6584.73
A0000462,C000143,Payroll,2015-12-20,Active,2168.28
A0000463,C000750,Savings,2016-11-30,Active,1585.31
A0000464,C000494,Savings,2016-06-03,Active,4486.34
A0000465,C000432,Savings,2021-05-28,Active,1525.95
A0000466,C000240,Current,2022-05-30,Active,1208.07
A0000467,C000018,Payroll,2014-06-20,Active,6441.11
A0000468,C000054,Payroll,2021-05-29,Active,7287.16
A0000469,C000682,Savings,2021-07-09,Active,6619.07
A0000470,C000081,Current,2020-02-15,Active,1860.73
A0000471,C000247,Current,2022-09-16,Active,-1500.0
A0000472,C000911,Current,2014-05-23,Active,1936.82
A0000473,C000344,Savings,2020-12-29,Active,-380.32
A0000474,C000745,Savings,2015-04-10,Active,2007.04
A0000475,C000344,Current,2022-12-19,Active,-50.15
A0000476,C000932,Savings,2018-12-30,Active,2421.19
A0000477,C000822,Payroll,2014-11-28,Active,-1449.25
A0000478,C000470,Current,2021-06-17,Active,-1500.0
A0000479,C000685,Savings,2021-06-27,Active,7146.23
A0000480,C000414,Savings,2018-08-21,Active,-1184.7
A0000481,C000945,Current,2017-02-07,Active,2501.26
A0000482,C000359,Savings,2014-03-05,Active,6127.16
A0000483,C000837,Savings,2023-01-28,Active,5974.36
A0000484,C000617,Current,2015-11-04,Active,5520.42
A0000485,C000644,Current,2022-06-03,Active,3650.89
A0000486,C000352,Payroll,2019-11-19,Inactive,5251.21
A0000487,C000833,Current,2020-11-05,Active,7717.73
A0000488,C000747,Savings,2020-12-08,Inactive,4115.09
A0000489,C000816,Savings,2022-07-30,Inactive,-1500.0
A0000490,C000802,Payroll,2014-05-03,Active,491.57
A0000491,C000158,Savings,2023-11-27,Active,5146.21
A0000492,C000876,Payroll,2014-06-08,Active,117.04
A0000493,C000842,Savings,2023-12-26,Active,8656.4
A0000494,C000243,Current,2016-08-11,Active,2259.92
A0000495,C000982,Current,2022-06-15,Active,2823.95
A0000496,C000528,Current,2014-11-01,Active,6774.03
A0000497,C000322,Current,2018-08-10,Active,1805.17
A0000498,C000224,Current,2019-06-02,Active,3169.85
A0000499,C000365,Current,2023-07-16,Active,5916.67
A0000500,C000038,Current,2015-03-28,Active,-1500.0
A0000501,C000691,Current,2014-05-14,Active,1415.87
A0000502,C000708,Current,2020-06-24,Inactive,5650.78
A0000503,C000668,Savings,2014-06-29,Active,2749.28
A0000504,C000549,Savings,2021-10-07,Inactive,8075.87
A0000505,C000363,Payroll,2014-05-20,Active,-1500.0
A0000506,C000724,Savings,2023-09-13,Active,-1500.0
A0000507,C000872,Payroll,2019-04-29,Active,5424.81
A0000508,C000088,Savings,2023-06-24,Active,5790.07
A0000509,C000383,Current,2015-04-08,Active,1765.65
A0000510,C000996,Payroll,2016-09-24,Active,4021.5
A0000511,C000862,Current,2018-07-19,Active,5331.79
A0000512,C000995,Savings,2014-04-18,Active,-592.68
A0000513,C000184,Savings,2015-01-11,Active,-186.02
A0000514,C000465,Current,2017-04-17,Active,3220.96
A0000515,C000131,Savings,2021-05-14,Active,5935.54
A0000516,C000867,Current,2021-01-29,Active,-1500.0
A0000517,C000519,Current,2014-11-13,Active,1747.8
A0000518,C000244,Current,2014-08-07,Active,1571.9
A0000519,C000091,Current,2020-07-22,Active,4088.24
A0000520,C000738,Current,2017-08-05,Active,2466.95
A0000521,C000812,Savings,2021-12-01,Active,425.64
A0000522,C000880,Savings,2016-12-23,Active,7244.55
A0000523,C000972,Savings,2017-08-17,Active,450.82
A0000524,C000815,Savings,2016-03-11,Inactive,1390.03
A0000525,C000787,Current,2016-08-30,Active,-1500.0
A0000526,C000812,Current,2021-01-21,Active,-211.78
A0000527,C000999,Savings,2018-09-17,Active,4461.09
A0000528,C000464,Payroll,2020-08-02,Active,3718.29
A0000529,C000759,Current,2014-10-15,Active,4778.16
A0000530,C000820,Current,2019-05-09,Active,4593.73
A0000531,C000117,Savings,2018-08-02,Active,10433.31
A0000532,C000691,Payroll,2023-02-07,Inactive,-341.86
A0000533,C000339,Current,2018-03-26,Active,-1500.0
A0000534,C000133,Current,2015-01-12,Active,-1492.1
A0000535,C000171,Current,2020-12-19,Active,-173.88
A0000536,C000115,Savings,2015-07-01,Active,-1202.44
A0000537,C000898,Payroll,2023-02-01,Active,2855.91
A0000538,C000772,Savings,2017-10-31,Active,7260.09
A0000539,C000103,Current,2021-11-03,Active,8350.7
A0000540,C000626,Savings,2020-07-21,Active,4416.37
A0000541,C000661,Payroll,2018-08-24,Active,10636.83
A0000542,C000520,Savings,2019-11-02,Active,1145.78
A0000543,C000607,Payroll,2015-10-29,Active,-1500.0
A0000544,C000908,Current,2014-09-28,Active,6502.08
A0000545,C000519,Current,2021-08-28,Active,-1500.0
A0000546,C000660,Savings,2023-07-31,Active,-369.01
A0000547,C000572,Savings,2022-08-13,Active,4476.43
A0000548,C000397,Payroll,2017-01-18,Active,2110.95
A0000549,C000891,Savings,2017-07-30,Active,1774.38
A0000550,C000414,Current,2017-08-03,Active,-1500.0
A0000551,C000800,Current,2021-01-08,Active,2458.95
A0000552,C000606,Savings,2020-03-26,Active,6313.92
A0000553,C000685,Current,2021-12-17,Active,2575.88
A0000554,C000761,Savings,2023-06-12,Active,-654.86
A0000555,C000736,Current,2017-12-03,Active,-1500.0
A0000556,C000565,Current,2020-08-15,Inactive,-576.46
A0000557,C000616,Savings,2019-01-01,Active,3990.87
A0000558,C000509,Current,2023-07-17,Active,3805.69
A0000559,C000340,Savings,2017-07-16,Active,-541.93
A0000560,C000727,Savings,2015-11-16,Active,-1500.0
A0000561,C000879,Savings,2017-10-14,Active,4096.05
A0000562,C000706,Savings,2020-03-08,Active,-911.29
A0000563,C000773,Savings,2023-07-12,Active,5118.44
A0000564,C000831,Payroll,2022-04-14,Active,-373.22
A0000565,C000368,Current,2014-03-09,Active,-1254.02
A0000566,C000063,Current,2019-02-01,Active,3082.05
A0000567,C000338,Savings,2015-08-04,Active,11459.26
A0000568,C000755,Savings,2017-08-14,Active,5346.31
A0000569,C000816,Savings,2023-06-08,Active,3017.63
A0000570,C000514,Savings,2023-11-04,Active,3863.64
A0000571,C000779,Savings,2015-07-15,Active,-1500.0
A0000572,C000075,Current,2015-05-30,Active,-1500.0
A0000573,C000645,Savings,2020-12-16,Active,-1500.0
A0000574,C000680,Current,2018-02-08,Active,9073.52
A0000575,C000508,Current,2018-04-29,Active,8304.07
A0000576,C000717,Savings,2022-09-23,Active,3992.71
A0000577,C000492,Savings,2023-03-15,Active,3013.44
A0000578,C000524,Current,2022-12-31,Active,-1500.0
A0000579,C000604,Payroll,2021-10-28,Inactive,1666.66
A0000580,C000794,Savings,2023-10-19,Active,9311.09
A0000581,C000249,Savings,2021-03-12,Active,2999.38
A0000582,C000301,Payroll,2022-11-04,Active,354.34
A0000583,C000419,Current,2019-05-27,Active,-1500.0
A0000584,C000202,Savings,2014-07-05,Active,7745.16
A0000585,C000335,Current,2022-02-28,Active,2233.68
A0000586,C000351,Current,2023-04-17,Active,-1500.0
A0000587,C000315,Current,2017-02-13,Active,-1012.21
A0000588,C000411,Current,2018-04-12,Active,-1500.0
A0000589,C000505,Savings,2019-09-20,Active,1999.37
A0000590,C000696,Current,2020-07-06,Active,3287.89
A0000591,C000303,Savings,2020-09-28,Active,587.78
A0000592,C000846,Current,2017-12-10,Active,5452.78
A0000593,C000480,Current,2022-07-16,Active,2799.45
A0000594,C000721,Payroll,2022-02-17,Active,6536.79
A0000595,C000115,Savings,2023-06-02,Active,1142.66
A0000596,C000174,Payroll,2019-10-04,Active,14072.24
A0000597,C000454,Savings,2014-10-10,Active,354.94
A0000598,C000367,Current,2022-06-14,Active,-932.65
A0000599,C000497,Savings,2014-10-18,Active,-1399.94
A0000600,C000159,Savings,2015-12-09,Active,1698.43
A0000601,C000474,Current,2016-11-06,Active,-1500.0
A0000602,C000687,Payroll,2015-11-07,Inactive,3619.34
A0000603,C000729,Savings,2021-03-26,Active,-1500.0
A0000604,C000249,Savings,2018-05-27,Active,3114.35
A0000605,C000345,Savings,2016-03-11,Active,-1500.0
A0000606,C000526,Savings,2014-01-18,Active,1051.09
A0000607,C000518,Current,2016-02-29,Active,4797.25
A0000608,C000792,Payroll,2020-12-03,Inactive,11255.34
A0000609,C000391,Current,2021-12-09,Active,-1500.0
A0000610,C000671,Current,2016-12-16,Inactive,1928.79
A0000611,C000884,Current,2014-09-25,Active,-250.28
A0000612,C000299,Savings,2019-07-28,Active,-805.51
A0000613,C000823,Payroll,2021-10-28,Active,-216.9
A0000614,C000333,Payroll,2014-09-13,Inactive,5631.45
A0000615,C000335,Savings,2021-12-13,Active,645.39
A0000616,C000654,Payroll,2015-09-15,Active,11047.39
A0000617,C000622,Savings,2016-07-30,Active,4080.72
A0000618,C000550,Current,2020-03-23,Active,-1338.04
A0000619,C000232,Savings,2014-07-07,Active,1106.52
A0000620,C000097,Current,2017-01-20,Active,-547.02
A0000621,C000909,Current,2015-05-22,Active,5540.26
A0000622,C000874,Current,2016-02-23,Active,-1500.0
A0000623,C000887,Current,2021-09-23,Active,-1500.0
A0000624,C000513,Payroll,2016-04-15,Active,252.12
A0000625,C000885,Payroll,2014-06-08,Active,5095.2
A0000626,C000474,Current,2016-02-24,Active,7185.63
A0000627,C000076,Savings,2014-11-13,Active,7746.06
A0000628,C000199,Current,2020-03-23,Inactive,4513.25
A0000629,C000273,Current,2023-09-21,Active,2185.02
A0000630,C000377,Current,2015-09-05,Active,5519.58
A0000631,C000940,Current,2021-04-14,Active,-1500.0
A0000632,C000333,Current,2017-08-16,Active,-1500.0
A0000633,C000613,Current,2014-09-20,Active,4159.22
A0000634,C000271,Current,2020-11-15,Active,-1321.58
A0000635,C000644,Current,2016-02-06,Active,2251.83
A0000636,C000568,Payroll,2019-02-18,Active,2954.58
A0000637,C000151,Current,2019-01-25,Active,3442.85
A0000638,C000463,Current,2019-12-21,Active,6063.61
A0000639,C000106,Savings,2015-05-08,Active,5661.89
A0000640,C000890,Current,2016-07-04,Active,3241.0
A0000641,C000705,Savings,2021-05-15,Active,820.34
A0000642,C000942,Current,2023-04-28,Active,2909.5
A0000643,C000876,Savings,2014-02-12,Active,234.4
A0000644,C000220,Savings,2018-02-19,Active,1753.57
A0000645,C000708,Savings,2022-10-23,Active,12449.06
A0000646,C000101,Savings,2016-11-13,Active,3192.32
A0000647,C000961,Current,2018-06-22,Active,4210.93
A0000648,C000786,Current,2023-01-14,Active,-180.83
A0000649,C000681,Current,2023-09-07,Active,6376.28
A0000650,C000995,Savings,2020-07-19,Active,5389.04
A0000651,C000847,Current,2020-12-08,Active,5415.94
A0000652,C000864,Current,2020-02-19,Active,3316.59
A0000653,C000101,Savings,2016-11-01,Active,6429.92
A0000654,C000024,Current,2022-11-11,Active,7332.4
A0000655,C000962,Current,2014-05-05,Active,3575.78
A0000656,C000252,Savings,2014-08-02,Active,2064.47
A0000657,C000427,Current,2020-01-06,Active,5899.37
A0000658,C000044,Payroll,2022-05-16,Active,-935.68
A0000659,C000624,Payroll,2022-02-19,Active,-228.25
A0000660,C000821,Payroll,2020-10-10,Active,2297.46
A0000661,C000842,Current,2017-10-05,Active,-1500.0
A0000662,C000582,Current,2017-08-06,Inactive,5644.86
A0000663,C000662,Savings,2018-04-03,Active,-1159.07
A0000664,C000514,Savings,2016-07-24,Active,708.33
A0000665,C000447,Savings,2018-03-10,Active,1689.54
A0000666,C000555,Current,2015-01-18,Active,2649.29
A0000667,C000936,Current,2017-03-13,Active,1194.12
A0000668,C000253,Current,2023-05-28,Active,2243.99
A0000669,C000471,Current,2021-01-24,Active,2273.41
A0000670,C000602,Current,2015-06-02,Inactive,801.28
A0000671,C000571,Payroll,2016-11-10,Active,-438.14
A0000672,C000031,Current,2016-08-04,Active,6609.6
A0000673,C000288,Savings,2016-10-25,Inactive,-1500.0
A0000674,C000647,Payroll,2020-11-27,Active,1718.28
A0000675,C000695,Current,2022-12-11,Active,718.18
A0000676,C000735,Savings,2021-02-05,Active,4091.41
A0000677,C000992,Savings,2018-11-18,Active,-1500.0
A0000678,C000674,Current,2015-08-10,Active,600.82
A0000679,C000580,Savings,2015-06-06,Active,2111.03
A0000680,C000333,Payroll,2022-02-19,Active,6566.28
A0000681,C000371,Savings,2020-10-09,Active,3762.3
A0000682,C000827,Payroll,2019-02-06,Active,-1500.0
A0000683,C000469,Payroll,2019-10-08,Active,647.59
A0000684,C000716,Current,2022-06-24,Active,5867.0
A0000685,C000125,Savings,2022-02-18,Active,-1500.0
A0000686,C000129,Savings,2014-11-15,Active,2201.15
A0000687,C000216,Savings,2017-12-13,Active,2465.34
A0000688,C000196,Savings,2014-06-06,Active,1034.02
A0000689,C000607,Savings,2017-11-05,Inactive,12743.86
A0000690,C000638,Payroll,2020-05-14,Active,931.62
A0000691,C000558,Current,2016-01-31,Active,4209.11
A0000692,C000290,Savings,2015-07-02,Active,-411.94
A0000693,C000577,Current,2018-11-27,Active,4505.44
A0000694,C000120,Savings,2019-04-01,Active,5808.99
A0000695,C000473,Savings,2021-02-19,Active,265.74
A0000696,C000155,Savings,2014-02-21,Inactive,2292.13
A0000697,C000077,Current,2016-06-24,Active,-902.06
A0000698,C000166,Savings,2021-10-17,Active,-1500.0
A0000699,C000112,Current,2020-10-25,Active,6439.82
A0000700,C000478,Current,2022-12-28,Active,394.8
A0000701,C000546,Current,2022-02-21,Active,-1500.0
A0000702,C000608,Payroll,2022-05-20,Active,9208.35
A0000703,C000440,Current,2019-02-07,Active,-547.96
A0000704,C000177,Payroll,2023-07-30,Active,1563.78
A0000705,C000021,Current,2018-02-27,Active,8735.44
A0000706,C000713,Savings,2023-01-10,Active,1961.38
A0000707,C000983,Savings,2017-12-01,Active,1879.32
A0000708,C000282,Savings,2018-06-09,Active,-1500.0
A0000709,C000205,Savings,2020-11-07,Active,-1500.0
A0000710,C000312,Savings,2017-12-24,Active,1867.73
A0000711,C000215,Payroll,2015-06-21,Active,3878.68
A0000712,C000224,Savings,2022-12-16,Active,3661.0
A0000713,C000495,Current,2018-07-12,Active,671.21
A0000714,C000786,Current,2023-04-07,Active,2576.98
A0000715,C000713,Savings,2017-12-27,Active,-1500.0
A0000716,C000960,Savings,2023-09-21,Active,4248.63
A0000717,C000358,Savings,2020-01-10,Active,3113.34
A0000718,C000493,Savings,2021-09-05,Active,9999.91
A0000719,C000381,Current,2021-07-20,Active,2528.42
A0000720,C000043,Savings,2016-01-08,Active,-1082.14
A0000721,C000389,Savings,2022-02-24,Active,2307.25
A0000722,C000261,Savings,2023-06-12,Active,1254.36
A0000723,C000479,Savings,2020-08-10,Inactive,4151.89
A0000724,C000159,Payroll,2023-06-20,Active,2602.19
A0000725,C000742,Savings,2022-06-16,Active,-1500.0
A0000726,C000843,Payroll,2020-08-28,Active,-1500.0
A0000727,C000961,Current,2018-10-08,Active,3499.05
A0000728,C000085,Savings,2022-07-27,Active,7755.84
A0000729,C000118,Savings,2015-11-09,Active,2801.52
A0000730,C000967,Savings,2019-08-11,Inactive,5590.53
A0000731,C000849,Current,2022-02-25,Active,6348.67
A0000732,C000589,Savings,2023-06-09,Inactive,3513.81
A0000733,C000322,Current,2016-09-01,Active,-595.07
A0000734,C000518,Payroll,2014-12-09,Active,3242.17
A0000735,C000536,Current,2017-05-01,Active,7086.88
A0000736,C000848,Current,2022-08-20,Active,4513.58
A0000737,C000530,Savings,2019-03-27,Active,5343.33
A0000738,C000028,Current,2014-07-22,Active,742.32
A0000739,C000700,Current,2015-03-12,Active,1731.06
A0000740,C000778,Savings,2017-05-22,Active,2048.84
A0000741,C000299,Savings,2017-06-04,Active,2304.92
A0000742,C000117,Current,2015-05-09,Active,6938.24
A0000743,C000143,Savings,2018-12-09,Active,-1500.0
A0000744,C000841,Savings,2018-10-15,Active,2616.05
A0000745,C000448,Savings,2015-12-29,Active,2197.91
A0000746,C000530,Current,2016-04-27,Active,-1500.0
A0000747,C000961,Current,2020-08-22,Active,5052.72
A0000748,C000062,Payroll,2023-07-08,Active,-253.1
A0000749,C000206,Savings,2023-12-17,Active,1143.28
A0000750,C000834,Current,2019-08-04,Active,9525.37
A0000751,C000541,Payroll,2014-05-21,Active,6337.9
A0000752,C000028,Current,2022-12-21,Active,4683.05
A0000753,C000703,Savings,2023-07-02,Active,3946.95
A0000754,C000139,Savings,2016-10-11,Active,1874.22
A0000755,C000783,Payroll,2018-01-01,Active,10097.63
A0000756,C000798,Payroll,2014-04-05,Active,5548.24
A0000757,C000825,Current,2022-01-03,Active,-348.29
A0000758,C000465,Savings,2021-10-02,Active,-1500.0
A0000759,C000268,Current,2014-03-17,Active,4653.98
A0000760,C000882,Savings,2021-01-07,Active,2287.7
A0000761,C000559,Savings,2018-02-12,Active,-1500.0
A0000762,C000636,Current,2019-06-15,Active,4128.63
A0000763,C000137,Current,2016-03-07,Active,1477.7
A0000764,C000624,Current,2022-02-24,Active,4516.53
A0000765,C000581,Current,2018-01-16,Active,4178.61
A0000766,C000293,Current,2022-05-25,Active,188.6
A0000767,C000767,Payroll,2015-06-26,Active,4904.81
A0000768,C000134,Savings,2019-11-16,Active,607.96
A0000769,C000720,Savings,2017-02-06,Active,855.05
A0000770,C000962,Payroll,2023-08-27,Active,477.37
A0000771,C000568,Savings,2019-07-26,Active,6797.7
A0000772,C000105,Current,2021-03-11,Active,1433.82
A0000773,C000554,Payroll,2014-11-11,Active,7715.28
A0000774,C000530,Savings,2020-10-06,Inactive,9277.24
A0000775,C000553,Savings,2015-01-04,Active,-307.13
A0000776,C000273,Payroll,2017-08-12,Active,-1500.0
A0000777,C000627,Savings,2016-03-23,Active,6469.14
A0000778,C000265,Savings,2014-01-09,Active,1200.51
A0000779,C000558,Payroll,2019-11-10,Active,-791.51
A0000780,C000595,Savings,2016-05-29,Active,262.87
A0000781,C000646,Payroll,2019-02-14,Active,923.71
A0000782,C000798,Current,2021-08-20,Active,7429.33
A0000783,C000883,Current,2015-10-13,Active,3107.66
A0000784,C000778,Savings,2021-02-04,Active,7377.67
A0000785,C000796,Current,2016-12-20,Inactive,4378.04
A0000786,C000869,Payroll,2017-04-23,Active,1324.92
A0000787,C000243,Current,2019-10-08,Active,1016.64
A0000788,C000293,Savings,2020-04-02,Active,4634.11
A0000789,C000534,Current,2020-07-20,Active,5617.62
A0000790,C000466,Payroll,2015-12-14,Active,6287.81
A0000791,C000703,Current,2019-10-17,Active,1506.15
A0000792,C000010,Current,2016-08-20,Active,3165.78
A0000793,C000139,Current,2016-10-07,Active,4719.35
A0000794,C000747,Savings,2023-06-21,Active,1040.93
A0000795,C000822,Payroll,2015-01-04,Active,-1500.0
A0000796,C000303,Payroll,2018-02-17,Inactive,-563.83
A0000797,C000311,Current,2018-05-23,Active,1584.07
A0000798,C000562,Savings,2016-06-13,Active,5016.39
A0000799,C000478,Current,2021-11-06,Active,7284.11
A0000800,C000170,Savings,2018-11-13,Inactive,-1500.0
A0000801,C000501,Savings,2021-03-10,Active,230.09
A0000802,C000820,Current,2017-11-13,Active,1140.12
A0000803,C000730,Savings,2022-12-18,Active,5519.92
A0000804,C000818,Payroll,2021-04-16,Active,493.18
A0000805,C000644,Current,2017-05-01,Active,867.02
A0000806,C000878,Current,2023-08-13,Active,-1500.0
A0000807,C000250,Current,2022-08-24,Active,4336.95
A0000808,C000046,Current,2019-11-30,Active,1886.68
A0000809,C000115,Current,2014-03-02,Active,14.63
A0000810,C000993,Savings,2019-11-28,Active,1513.85
A0000811,C000641,Current,2020-11-26,Active,6782.58
A0000812,C000248,Savings,2017-08-24,Active,-1318.57
A0000813,C000855,Payroll,2015-06-10,Active,-698.31
A0000814,C000310,Payroll,2019-08-23,Active,7258.56
A0000815,C000598,Savings,2022-01-04,Active,2787.94
A0000816,C000250,Current,2017-03-11,Inactive,5045.07
A0000817,C000095,Current,2018-07-24,Active,4026.66
A0000818,C000268,Current,2014-01-04,Active,2365.73
A0000819,C000229,Payroll,2021-01-13,Active,1176.46
A0000820,C000553,Payroll,2022-08-28,Active,5659.92
A0000821,C000021,Current,2021-10-04,Active,6916.88
A0000822,C000240,Current,2018-04-17,Active,6619.92
A0000823,C000568,Savings,2014-06-14,Active,-1500.0
A0000824,C000394,Current,2018-12-02,Active,7458.66
A0000825,C000636,Payroll,2023-05-26,Active,1139.85
A0000826,C000656,Current,2014-11-01,Active,-369.11
A0000827,C000966,Current,2016-02-20,Active,1856.55
A0000828,C000837,Current,2022-05-14,Inactive,5658.29
A0000829,C000229,Current,2019-09-05,Active,4553.76
A0000830,C000693,Current,2015-09-14,Active,1529.53
A0000831,C000628,Payroll,2014-03-30,Active,5683.13
A0000832,C000595,Current,2018-02-07,Active,3031.47
A0000833,C000799,Savings,2019-12-12,Active,322.71
A0000834,C000148,Current,2022-05-25,Active,-190.53
A0000835,C000376,Current,2022-10-31,Active,4058.89
A0000836,C000817,Current,2018-07-29,Active,2186.43
A0000837,C000893,Current,2018-03-23,Active,-1500.0
A0000838,C000038,Current,2023-04-22,Active,5719.21
A0000839,C000472,Current,2021-10-06,Active,674.95
A0000840,C000265,Payroll,2016-02-03,Active,8550.05
A0000841,C000168,Savings,2020-10-22,Active,-1500.0
A0000842,C000058,Payroll,2021-02-23,Active,1813.31
A0000843,C000539,Current,2016-05-03,Active,-159.92
A0000844,C000668,Savings,2023-10-10,Active,-1206.61
A0000845,C000532,Savings,2016-12-19,Active,650.2
A0000846,C000369,Current,2019-06-30,Active,9228.16
A0000847,C000772,Current,2018-12-08,Active,3044.81
A0000848,C000653,Savings,2020-12-01,Active,-508.49
A0000849,C000909,Savings,2023-01-05,Active,-1500.0
A0000850,C000348,Savings,2017-12-06,Inactive,-1500.0
A0000851,C000239,Current,2017-11-04,Active,461.44
A0000852,C000456,Payroll,2021-07-05,Active,91.99
A0000853,C000507,Current,2023-07-08,Active,1648.61
A0000854,C000458,Payroll,2023-01-31,Active,-1500.0
A0000855,C000833,Payroll,2021-07-10,Active,2151.61
A0000856,C000046,Payroll,2021-01-10,Active,6405.37
A0000857,C000528,Savings,2021-09-06,Active,8666.8
A0000858,C000431,Current,2023-05-10,Inactive,-1500.0
A0000859,C000211,Savings,2014-02-08,Active,-545.29
A0000860,C000642,Savings,2019-11-19,Inactive,-746.09
A0000861,C000802,Savings,2014-05-05,Active,3053.74
A0000862,C000547,Current,2019-10-08,Active,-1500.0
A0000863,C000085,Current,2017-12-11,Active,8892.6
A0000864,C000076,Current,2017-01-16,Active,2665.39
A0000865,C000422,Savings,2022-11-27,Active,2032.04
A0000866,C000669,Savings,2021-02-03,Active,8552.31
A0000867,C000314,Payroll,2019-09-03,Active,2439.02
A0000868,C000309,Savings,2022-10-25,Active,4021.15
A0000869,C000861,Savings,2014-12-24,Active,-353.03
A0000870,C000015,Current,2020-06-17,Active,-1500.0
A0000871,C000080,Savings,2015-07-25,Active,180.63
A0000872,C000156,Current,2016-04-30,Active,10810.51
A0000873,C000984,Current,2015-11-07,Active,4905.48
A0000874,C000498,Current,2019-06-09,Active,3543.23
A0000875,C000159,Current,2020-04-15,Active,-1210.22
A0000876,C000311,Current,2021-07-22,Inactive,5962.75
A0000877,C000970,Savings,2018-05-28,Active,-1500.0
A0000878,C000695,Current,2023-05-22,Active,-1500.0
A0000879,C000224,Current,2017-09-25,Active,376.23
A0000880,C000241,Current,2015-07-26,Active,9927.07
A0000881,C000075,Savings,2014-05-14,Active,9712.0
A0000882,C000773,Savings,2015-04-11,Active,785.3
A0000883,C000138,Current,2018-06-13,Active,-61.96
A0000884,C000287,Current,2018-02-16,Active,-1500.0
A0000885,C000349,Payroll,2022-07-15,Inactive,2796.52
A0000886,C000621,Savings,2015-04-04,Active,3115.65
A0000887,C000607,Savings,2016-08-15,Active,5500.31
A0000888,C000800,Savings,2023-10-19,Active,5960.69
A0000889,C000298,Payroll,2014-04-15,Active,1749.8
A0000890,C000386,Payroll,2018-03-29,Active,4612.91
A0000891,C000389,Current,2015-12-25,Inactive,-162.43
A0000892,C000047,Savings,2019-05-02,Inactive,4540.76
A0000893,C000738,Current,2023-09-24,Active,572.52
A0000894,C000536,Savings,2016-04-08,Active,4245.94
A0000895,C000476,Current,2017-09-13,Inactive,3938.31
A0000896,C000996,Current,2018-06-28,Active,2761.45
A0000897,C000179,Payroll,2021-12-24,Active,5519.25
A0000898,C000969,Payroll,2023-11-04,Active,-1500.0
A0000899,C000681,Current,2014-12-19,Active,-1500.0
A0000900,C000222,Payroll,2018-11-19,Active,1473.77
A0000901,C000679,Current,2021-07-09,Inactive,-1500.0
A0000902,C000756,Savings,2014-02-02,Active,953.91
A0000903,C000363,Payroll,2022-01-21,Active,1076.4
A0000904,C000345,Current,2016-06-04,Active,7476.8
A0000905,C000836,Savings,2019-03-08,Active,3041.63
A0000906,C000161,Savings,2023-10-12,Active,6411.83
A0000907,C000014,Current,2020-05-07,Active,3646.36
A0000908,C000666,Current,2023-11-20,Active,464.46
A0000909,C000907,Current,2020-01-12,Active,3008.12
A0000910,C000501,Savings,2016-02-08,Active,5271.82
A0000911,C000135,Current,2020-12-03,Active,7034.93
A0000912,C000540,Current,2020-02-24,Active,1997.22
A0000913,C000252,Savings,2017-02-08,Active,-1500.0
A0000914,C000828,Current,2014-10-08,Inactive,-1500.0
A0000915,C000613,Current,2020-06-23,Active,1259.63
A0000916,C000337,Savings,2019-10-09,Active,-1500.0
A0000917,C000625,Savings,2021-09-24,Active,9321.4
A0000918,C000668,Current,2015-04-05,Active,4768.35
A0000919,C000679,Payroll,2019-05-21,Active,84.47
A0000920,C000367,Savings,2022-03-08,Active,-1500.0
A0000921,C000571,Current,2022-11-28,Active,6406.85
A0000922,C000043,Savings,2023-05-23,Active,-1500.0
A0000923,C000404,Savings,2016-02-13,Active,-1369.26
A0000924,C000379,Savings,2015-09-24,Active,-410.59
A0000925,C000535,Savings,2019-10-04,Active,2933.53
A0000926,C000951,Savings,2018-08-16,Active,4859.03
A0000927,C000954,Payroll,2016-05-05,Active,7032.15
A0000928,C000484,Savings,2015-01-08,Active,6470.89
A0000929,C000647,Payroll,2015-06-09,Active,2502.94
A0000930,C000109,Savings,2017-05-22,Active,6377.98
A0000931,C000483,Payroll,2021-05-23,Active,-49.8
A0000932,C000688,Payroll,2014-08-26,Active,-1500.0
A0000933,C000683,Current,2015-01-19,Active,-50.3
A0000934,C000964,Current,2016-08-23,Active,-563.79
A0000935,C000467,Savings,2022-09-25,Inactive,98.45
A0000936,C000908,Current,2023-11-24,Active,-1145.62
A0000937,C000979,Savings,2018-05-26,Active,747.78
A0000938,C000572,Savings,2014-06-12,Active,4856.07
A0000939,C000092,Payroll,2014-02-13,Active,9017.98
A0000940,C000377,Current,2022-08-02,Active,-1500.0
A0000941,C000765,Savings,2018-06-12,Active,-1500.0
A0000942,C000581,Current,2014-10-10,Active,-507.5
A0000943,C000937,Savings,2022-05-01,Active,5409.82
A0000944,C000816,Current,2019-04-15,Active,1721.2
A0000945,C000064,Savings,2017-06-30,Active,-251.62
A0000946,C000862,Savings,2018-07-09,Active,5223.59
A0000947,C000358,Savings,2016-04-01,Inactive,6134.28
A0000948,C000819,Savings,2023-04-24,Active,2428.71
A0000949,C000508,Current,2021-11-15,Active,-601.63
A0000950,C000456,Current,2015-12-28,Active,3527.06
A0000951,C000073,Current,2021-05-06,Active,1613.58
A0000952,C000119,Payroll,2015-10-18,Active,1584.15
A0000953,C000596,Payroll,2018-07-13,Active,552.88
A0000954,C000570,Current,2021-06-25,Inactive,6014.94
A0000955,C000555,Current,2014-05-13,Inactive,3449.54
A0000956,C000157,Current,2021-04-02,Inactive,6435.66
A0000957,C000510,Savings,2016-04-04,Active,7578.04
A0000958,C000061,Current,2020-12-27,Active,4244.13
A0000959,C000145,Current,2018-12-27,Active,575.39
A0000960,C000499,Current,2014-04-06,Active,6453.24
A0000961,C000617,Current,2021-08-12,Active,4269.53
A0000962,C000656,Current,2016-08-06,Active,12392.8
A0000963,C000982,Current,2023-07-08,Active,3678.39
A0000964,C000855,Savings,2022-05-24,Active,5151.21
A0000965,C000380,Savings,2015-12-05,Active,3603.61
A0000966,C000783,Current,2020-01-03,Active,2123.43
A0000967,C000096,Savings,2017-08-14,Active,1516.59
A0000968,C000858,Savings,2020-01-08,Active,3618.13
A0000969,C000387,Savings,2019-07-27,Active,4480.47
A0000970,C000761,Payroll,2016-12-16,Active,6886.67
A0000971,C000971,Current,2020-07-05,Active,3673.63
A0000972,C000704,Payroll,2016-08-07,Inactive,741.02
A0000973,C000921,Savings,2023-01-25,Active,1257.95
A0000974,C000011,Savings,2023-06-17,Active,-1500.0
A0000975,C000171,Current,2015-08-29,Active,8812.61
A0000976,C000627,Current,2021-04-10,Active,443.54
A0000977,C000541,Current,2023-04-16,Active,6176.27
A0000978,C000121,Payroll,2015-04-09,Active,3550.89
A0000979,C000719,Savings,2021-05-23,Active,3654.18
A0000980,C000059,Current,2023-05-16,Active,2053.7
A0000981,C000991,Savings,2016-04-01,Active,-493.64
A0000982,C000157,Current,2019-10-27,Inactive,-1180.43
A0000983,C000446,Current,2021-12-22,Active,9068.17
A0000984,C000824,Savings,2017-05-01,Active,2933.05
A0000985,C000515,Savings,2016-05-18,Active,6776.02
A0000986,C000744,Savings,2017-12-20,Active,7762.65
A0000987,C000704,Savings,2017-05-09,Active,938.78
A0000988,C000949,Savings,2021-04-01,Active,4109.32
A0000989,C000464,Payroll,2017-09-15,Active,2671.04
A0000990,C000979,Current,2017-10-05,Inactive,-1500.0
A0000991,C000517,Savings,2023-06-10,Active,1795.18
A0000992,C000894,Savings,2019-10-14,Active,4732.53
A0000993,C000733,Current,2023-04-16,Active,603.69
A0000994,C000133,Current,2021-02-06,Active,1265.6
A0000995,C000644,Current,2022-11-06,Active,1841.21
A0000996,C000879,Current,2015-12-15,Active,10523.81
A0000997,C000129,Savings,2023-05-18,Active,-1500.0
A0000998,C000839,Current,2023-06-09,Active,4406.24
A0000999,C000106,Savings,2014-05-29,Active,1537.31
A0001000,C000872,Current,2017-07-24,Active,65.51
A0001001,C000789,Current,2018-02-17,Active,1444.07
A0001002,C000152,Current,2018-03-11,Active,5036.03
A0001003,C000727,Current,2021-10-12,Active,5253.19
A0001004,C000117,Payroll,2020-12-24,Active,3206.87
A0001005,C000569,Current,2016-02-17,Active,6652.42
A0001006,C000924,Current,2020-02-01,Active,7321.57
A0001007,C000206,Current,2023-09-28,Active,5602.23
A0001008,C000174,Current,2018-05-26,Active,424.47
A0001009,C000423,Savings,2023-04-11,Active,4378.88
A0001010,C000369,Savings,2020-06-29,Active,4396.96
A0001011,C000049,Current,2023-03-31,Active,-599.4
A0001012,C000456,Savings,2023-01-09,Active,-1500.0
A0001013,C000260,Savings,2014-03-02,Active,-1500.0
A0001014,C000125,Payroll,2021-12-31,Active,2765.45
A0001015,C000277,Savings,2015-11-22,Active,3632.55
A0001016,C000021,Current,2022-03-28,Active,-1500.0
A0001017,C000916,Savings,2022-01-28,Active,6474.92
A0001018,C000995,Payroll,2016-08-01,Active,3078.43
A0001019,C000368,Savings,2014-08-30,Active,7627.92
A0001020,C000877,Payroll,2018-03-11,Active,3908.04
A0001021,C000462,Payroll,2017-01-10,Active,-1500.0
A0001022,C000913,Current,2019-07-15,Active,4241.47
A0001023,C000174,Savings,2014-10-27,Active,5046.42
A0001024,C000285,Savings,2014-06-11,Active,419.03
A0001025,C000740,Savings,2018-05-15,Active,-1500.0
A0001026,C000221,Savings,2021-09-10,Active,2881.13
A0001027,C000824,Payroll,2017-02-23,Active,-1303.21
A0001028,C000426,Savings,2017-03-26,Active,6759.37
A0001029,C000404,Savings,2015-08-22,Active,952.73
A0001030,C000454,Current,2016-10-28,Active,9053.48
A0001031,C000798,Current,2016-12-26,Inactive,-1500.0
A0001032,C000006,Payroll,2016-08-04,Active,3012.22
A0001033,C000751,Savings,2017-06-08,Active,7931.69
A0001034,C000780,Current,2016-10-31,Active,-883.16
A0001035,C000822,Payroll,2020-10-20,Active,1895.04
A0001036,C000997,Payroll,2017-05-18,Active,968.46
A0001037,C000783,Savings,2021-07-17,Active,-98.32
A0001038,C000529,Current,2020-01-17,Active,3429.57
A0001039,C000467,Savings,2020-05-26,Active,-1500.0
A0001040,C000389,Current,2019-11-01,Active,2078.32
A0001041,C000828,Current,2023-03-23,Active,4460.78
A0001042,C000393,Savings,2016-07-22,Active,1682.64
A0001043,C000573,Payroll,2023-10-26,Active,-1300.78
A0001044,C000097,Current,2016-01-24,Active,6414.7
A0001045,C000318,Payroll,2015-05-20,Active,5274.98
A0001046,C000267,Payroll,2022-04-05,Active,-1456.51
A0001047,C000436,Current,2022-12-15,Active,-1500.0
A0001048,C000503,Current,2014-12-05,Inactive,-1117.31
A0001049,C000717,Savings,2019-12-30,Active,4572.04
A0001050,C000432,Savings,2019-02-15,Active,3547.18
A0001051,C000151,Current,2016-03-14,Inactive,5502.31
A0001052,C000546,Savings,2019-03-16,Active,1260.63
A0001053,C000055,Savings,2020-11-08,Active,-1013.99
A0001054,C000850,Savings,2019-09-27,Active,5991.62
A0001055,C000771,Savings,2019-03-13,Active,396.9
A0001056,C000226,Current,2022-11-07,Active,3208.88
A0001057,C000264,Current,2016-04-03,Active,-1500.0
A0001058,C000028,Current,2020-03-27,Inactive,334.72
A0001059,C000365,Payroll,2017-03-01,Active,6335.71
A0001060,C000039,Payroll,2023-09-24,Active,-221.84
A0001061,C000937,Savings,2016-07-07,Active,5595.11
A0001062,C000135,Current,2022-09-16,Active,-1500.0
A0001063,C000660,Savings,2020-04-26,Active,374.31
A0001064,C000571,Current,2016-02-23,Active,1848.85
A0001065,C000237,Current,2021-08-01,Active,9121.65
A0001066,C000809,Current,2016-05-30,Active,-1500.0
A0001067,C000109,Payroll,2016-08-15,Active,5049.77
A0001068,C000887,Current,2017-06-12,Active,6516.34
A0001069,C000741,Savings,2020-10-24,Active,-241.66
A0001070,C000636,Payroll,2017-11-30,Active,1080.61
A0001071,C000880,Savings,2019-09-09,Active,3038.19
A0001072,C000404,Current,2019-07-12,Active,-1500.0
A0001073,C000282,Payroll,2015-12-19,Active,770.61
A0001074,C000155,Savings,2016-04-28,Active,7349.23
A0001075,C000925,Savings,2017-01-24,Active,4486.09
A0001076,C000402,Savings,2016-03-22,Active,1904.35
A0001077,C000830,Payroll,2023-03-08,Active,2929.67
A0001078,C000333,Savings,2017-10-24,Active,4707.44
A0001079,C000955,Savings,2018-01-17,Active,5435.16
A0001080,C000871,Savings,2020-09-18,Active,385.63
A0001081,C000309,Current,2021-11-16,Active,8331.94
A0001082,C000487,Savings,2020-11-16,Active,7502.12
A0001083,C000794,Current,2019-07-05,Active,5073.58
A0001084,C000227,Current,2023-10-03,Active,-703.25
A0001085,C000024,Current,2022-12-29,Active,-1376.85
A0001086,C000289,Current,2016-01-09,Active,1258.91
A0001087,C000591,Current,2015-08-08,Active,2730.91
A0001088,C000137,Savings,2017-12-04,Inactive,-1500.0
A0001089,C000334,Current,2022-05-08,Active,4379.83
A0001090,C000919,Current,2023-08-23,Active,7392.36
A0001091,C000076,Payroll,2021-01-08,Active,4690.6
A0001092,C000051,Payroll,2020-11-23,Active,-69.0
A0001093,C000424,Savings,2016-05-02,Active,-518.73
A0001094,C000013,Current,2019-12-02,Inactive,3639.44
A0001095,C000028,Current,2015-11-04,Active,1917.45
A0001096,C000183,Current,2019-05-24,Active,4183.56
A0001097,C000103,Current,2015-12-09,Active,4786.54
A0001098,C000811,Payroll,2014-10-03,Active,6649.18
A0001099,C000123,Savings,2023-09-01,Active,-1500.0
A0001100,C000524,Current,2022-12-05,Active,3342.15
A0001101,C000706,Payroll,2020-11-06,Active,1118.79
A0001102,C000626,Current,2020-04-02,Active,2125.19
A0001103,C000654,Current,2016-05-25,Active,5784.75
A0001104,C000358,Current,2019-09-18,Active,6197.88
A0001105,C000889,Current,2021-06-23,Active,7814.09
A0001106,C000069,Payroll,2019-05-24,Active,4117.24
A0001107,C000108,Current,2016-10-26,Active,2081.94
A0001108,C000857,Savings,2017-12-01,Active,1539.06
A0001109,C000069,Current,2022-05-28,Active,-1500.0
A0001110,C000192,Payroll,2016-07-18,Active,7590.99
A0001111,C000174,Savings,2023-08-11,Active,1276.79
A0001112,C000034,Savings,2021-07-19,Active,4422.41
A0001113,C000118,Current,2022-11-24,Active,5080.19
A0001114,C000573,Payroll,2019-02-03,Active,-1500.0
A0001115,C000662,Savings,2016-03-27,Active,-1008.72
A0001116,C000084,Current,2014-05-04,Inactive,8378.68
A0001117,C000943,Payroll,2019-05-07,Active,3603.65
A0001118,C000096,Current,2017-12-27,Active,293.77
A0001119,C000688,Current,2015-02-19,Active,2019.88
A0001120,C000801,Savings,2023-04-13,Active,6627.7
A0001121,C000521,Current,2023-09-12,Active,6050.4
A0001122,C000492,Savings,2017-09-26,Active,-1500.0
A0001123,C000110,Current,2020-09-04,Active,8710.28
A0001124,C000242,Current,2018-02-17,Active,6171.36
A0001125,C000851,Current,2018-12-19,Inactive,1920.59
A0001126,C000349,Current,2020-03-27,Active,-1500.0
A0001127,C000035,Payroll,2018-02-28,Active,6505.23
A0001128,C000730,Savings,2022-01-05,Active,4310.42
A0001129,C000684,Savings,2015-11-23,Active,-1500.0
A0001130,C000067,Current,2020-09-05,Active,1618.1
A0001131,C000052,Savings,2023-10-29,Active,14379.46
A0001132,C000117,Current,2022-06-30,Active,2562.71
A0001133,C000051,Current,2014-06-16,Active,-319.49
A0001134,C000617,Savings,2015-02-20,Inactive,-1332.29
A0001135,C000133,Savings,2020-04-13,Active,9233.98
A0001136,C000607,Savings,2023-03-29,Active,5721.49
A0001137,C000177,Payroll,2022-06-08,Active,7848.27
A0001138,C000973,Payroll,2023-01-13,Active,3443.1
A0001139,C000726,Current,2015-07-01,Inactive,7265.27
A0001140,C000375,Current,2019-03-10,Active,-723.62
A0001141,C000429,Current,2021-04-03,Active,3117.85
A0001142,C000066,Savings,2020-03-30,Active,3590.8
A0001143,C000055,Payroll,2021-10-07,Active,7753.3
A0001144,C000538,Payroll,2016-02-16,Active,3711.6
A0001145,C000023,Current,2018-07-27,Active,123.06
A0001146,C000639,Payroll,2018-06-24,Active,2743.48
A0001147,C000383,Savings,2023-05-24,Active,-1500.0
A0001148,C000140,Payroll,2016-01-10,Active,-1500.0
A0001149,C000536,Savings,2017-04-06,Active,5659.1
A0001150,C000553,Current,2014-03-22,Inactive,1075.97
A0001151,C000747,Current,2015-07-08,Active,1506.61
A0001152,C000198,Payroll,2023-10-21,Active,5657.6
A0001153,C000548,Current,2022-06-22,Active,7808.64
A0001154,C000845,Current,2016-08-03,Active,4531.05
A0001155,C000270,Current,2021-01-06,Inactive,9826.68
A0001156,C000836,Current,2019-12-05,Active,4410.22
A0001157,C000724,Payroll,2023-01-23,Inactive,3648.41
A0001158,C000430,Current,2016-12-31,Active,3413.48
A0001159,C000884,Current,2023-12-09,Active,-1500.0
A0001160,C000967,Savings,2017-09-14,Active,6132.79
A0001161,C000237,Savings,2021-03-01,Active,-1500.0
A0001162,C000980,Current,2017-12-22,Active,272.24
A0001163,C000003,Current,2020-09-17,Inactive,2587.14
A0001164,C000130,Current,2017-05-07,Active,-501.1
A0001165,C000044,Current,2022-06-06,Active,783.33
A0001166,C000368,Current,2020-05-15,Inactive,9489.63
A0001167,C000937,Current,2016-11-20,Active,6695.29
A0001168,C000601,Savings,2023-08-09,Active,-106.15
A0001169,C000617,Payroll,2021-02-01,Active,715.65
A0001170,C000085,Payroll,2018-04-14,Active,-1500.0
A0001171,C000517,Current,2015-05-11,Active,5178.98
A0001172,C000383,Current,2023-09-23,Active,1550.98
A0001173,C000480,Payroll,2021-07-18,Inactive,-1500.0
A0001174,C000262,Savings,2020-09-03,Active,2882.98
A0001175,C000202,Savings,2022-04-29,Active,4168.12
A0001176,C000953,Current,2020-01-26,Active,6159.94
A0001177,C000559,Current,2016-04-26,Active,2221.25
A0001178,C000412,Savings,2016-05-15,Active,1083.85
A0001179,C000074,Savings,2014-10-16,Active,10047.81
A0001180,C000763,Current,2014-08-18,Active,2525.03
A0001181,C000473,Payroll,2021-04-13,Active,5234.33
A0001182,C000387,Savings,2022-07-07,Active,449.75
A0001183,C000667,Savings,2015-08-22,Active,5121.66
A0001184,C000132,Current,2019-09-27,Active,-1500.0
A0001185,C000534,Savings,2015-03-29,Active,744.14
A0001186,C000864,Savings,2018-02-21,Active,-1500.0
A0001187,C000464,Current,2021-11-26,Active,201.1
A0001188,C000001,Savings,2022-02-11,Active,7251.79
A0001189,C000230,Savings,2023-06-25,Active,173.16
A0001190,C000056,Payroll,2017-02-07,Inactive,5229.37
A0001191,C000501,Current,2023-06-25,Active,8265.61
A0001192,C000365,Payroll,2021-10-31,Active,2395.21
A0001193,C000133,Savings,2017-05-20,Active,6276.31
A0001194,C000687,Current,2017-04-12,Active,4518.13
A0001195,C000177,Current,2015-01-28,Active,2942.46
A0001196,C000342,Current,2023-03-16,Active,5351.2
A0001197,C000988,Current,2016-01-13,Active,9491.76
A0001198,C000067,Savings,2016-09-05,Active,78.38
A0001199,C000248,Savings,2018-02-16,Active,-1144.96
A0001200,C000318,Current,2015-05-18,Active,-1368.08
A0001201,C000509,Payroll,2022-01-20,Active,6278.83
A0001202,C000245,Current,2020-12-23,Active,6791.6
A0001203,C000971,Savings,2015-07-26,Active,459.26
A0001204,C000006,Payroll,2015-08-18,Active,-1500.0
A0001205,C000949,Payroll,2014-03-22,Active,-64.08
A0001206,C000535,Savings,2023-06-28,Active,4581.85
A0001207,C000039,Savings,2018-05-10,Inactive,2246.45
A0001208,C000117,Current,2020-07-20,Active,3185.32
A0001209,C000104,Current,2015-07-02,Active,511.29
A0001210,C000288,Current,2016-04-22,Active,6353.54
A0001211,C000334,Current,2019-05-31,Active,3804.13
A0001212,C000642,Current,2016-02-02,Active,4728.56
A0001213,C000312,Current,2020-02-16,Active,3104.45
A0001214,C000726,Payroll,2023-03-27,Active,4492.6
A0001215,C000294,Payroll,2017-01-18,Inactive,4242.57
A0001216,C000264,Payroll,2020-01-28,Inactive,-1026.68
A0001217,C000276,Savings,2023-02-25,Active,3917.64
A0001218,C000330,Current,2022-12-07,Active,5507.73
A0001219,C000838,Current,2014-01-29,Active,6889.54
A0001220,C000247,Savings,2015-02-07,Active,4081.21
A0001221,C000274,Savings,2023-11-09,Active,-1167.95
A0001222,C000957,Current,2023-04-01,Active,-583.01
A0001223,C000654,Savings,2017-03-20,Active,846.44
A0001224,C000191,Savings,2019-03-14,Active,3219.96
A0001225,C000869,Current,2019-09-22,Active,2035.5
A0001226,C000184,Current,2020-09-05,Active,-1500.0
A0001227,C000163,Current,2021-07-01,Active,-1500.0
A0001228,C000446,Savings,2017-09-22,Active,-1500.0
A0001229,C000692,Payroll,2022-11-23,Active,-1500.0
A0001230,C000190,Savings,2014-08-04,Active,1999.23
A0001231,C000754,Savings,2014-04-29,Active,11316.88
A0001232,C000157,Payroll,2023-07-29,Active,9327.76
A0001233,C000782,Current,2015-10-09,Active,-1217.28
A0001234,C000096,Savings,2023-12-10,Active,3069.63
A0001235,C000465,Savings,2016-11-09,Active,-1500.0
A0001236,C000641,Savings,2017-08-23,Active,-1500.0
A0001237,C000266,Current,2014-04-13,Active,-1500.0
A0001238,C000613,Payroll,2023-06-08,Active,1643.1
A0001239,C000689,Payroll,2017-08-04,Active,1806.65
A0001240,C000651,Current,2015-09-05,Active,3460.27
A0001241,C000397,Current,2018-10-31,Active,5020.22
A0001242,C000774,Current,2015-07-19,Active,1219.85
A0001243,C000732,Savings,2021-11-22,Active,2637.57
A0001244,C000327,Savings,2014-09-24,Active,-1500.0
A0001245,C000734,Current,2018-12-28,Active,-1500.0
A0001246,C000919,Payroll,2017-11-29,Active,-1500.0
A0001247,C000817,Current,2014-05-16,Active,4967.14
A0001248,C000734,Savings,2014-07-10,Active,1215.95
A0001249,C000767,Current,2019-03-09,Active,-1500.0
A0001250,C000805,Savings,2017-12-11,Active,2260.26
A0001251,C000290,Savings,2015-04-19,Active,-1500.0
A0001252,C000721,Current,2015-05-21,Active,8809.44
A0001253,C000200,Current,2022-01-16,Active,300.48
A0001254,C000359,Payroll,2021-04-20,Active,5089.72
A0001255,C000935,Savings,2020-01-28,Active,6638.06
A0001256,C000284,Payroll,2022-04-30,Active,-1128.73
A0001257,C000844,Savings,2014-09-10,Active,2788.98
A0001258,C000423,Savings,2020-11-15,Active,4603.18
A0001259,C000210,Current,2021-07-09,Active,2939.08
A0001260,C000098,Savings,2016-01-02,Active,3872.18
A0001261,C000549,Current,2019-05-12,Active,-1500.0
A0001262,C000452,Current,2021-08-30,Active,4605.34
A0001263,C000512,Current,2020-01-12,Active,652.58
A0001264,C000044,Current,2016-06-29,Active,3827.91
A0001265,C000269,Payroll,2020-08-23,Active,5995.96
A0001266,C000004,Payroll,2021-08-04,Active,5041.47
A0001267,C000303,Savings,2014-02-05,Active,3825.13
A0001268,C000932,Current,2019-09-03,Active,4940.09
A0001269,C000153,Payroll,2019-01-16,Active,5115.96
A0001270,C000690,Savings,2017-08-31,Active,8182.9
A0001271,C000006,Current,2014-06-11,Active,2370.61
A0001272,C000562,Savings,2014-11-01,Active,3123.04
A0001273,C000921,Savings,2021-07-01,Active,6041.85
A0001274,C000342,Current,2022-04-09,Active,636.53
A0001275,C000198,Savings,2018-03-11,Active,-1500.0
A0001276,C000571,Savings,2023-05-23,Active,4374.27
A0001277,C000279,Current,2023-04-09,Active,1717.11
A0001278,C000892,Current,2020-08-27,Active,-1500.0
A0001279,C000849,Savings,2019-10-22,Active,4402.06
A0001280,C000653,Savings,2023-08-22,Inactive,7938.31
A0001281,C000640,Payroll,2020-02-04,Active,-1500.0
A0001282,C000603,Payroll,2023-05-03,Active,6384.83
A0001283,C000736,Savings,2023-10-14,Inactive,-1500.0
A0001284,C000461,Savings,2015-12-12,Active,978.91
A0001285,C000970,Savings,2020-08-08,Inactive,9493.96
A0001286,C000346,Savings,2021-04-22,Active,1252.37
A0001287,C000009,Current,2022-03-13,Active,2841.77
A0001288,C000699,Savings,2017-06-28,Active,5398.89
A0001289,C000663,Savings,2022-08-11,Active,-1500.0
A0001290,C000981,Savings,2018-11-15,Active,2773.96
A0001291,C000396,Payroll,2017-11-12,Active,2744.01
A0001292,C000425,Savings,2015-07-27,Active,9576.82
A0001293,C000563,Current,2017-03-18,Active,-1500.0
A0001294,C000393,Current,2023-09-28,Active,1050.15
A0001295,C000785,Current,2021-02-27,Active,-1027.75
A0001296,C000429,Current,2021-04-04,Active,-1430.76
A0001297,C000784,Savings,2022-12-14,Inactive,6784.13
A0001298,C000426,Current,2016-09-01,Active,2601.28
A0001299,C000226,Current,2020-08-11,Active,388.84
A0001300,C000991,Current,2017-09-17,Active,532.19
A0001301,C000527,Savings,2022-06-23,Active,359.74
A0001302,C000707,Savings,2018-03-23,Active,699.55
A0001303,C000592,Current,2022-07-18,Inactive,-1500.0
A0001304,C000360,Current,2021-06-21,Active,1516.83
A0001305,C000973,Current,2021-09-18,Active,1135.01
A0001306,C000372,Current,2023-04-02,Inactive,-379.63
A0001307,C000994,Current,2021-11-25,Active,3089.18
A0001308,C000431,Current,2017-03-19,Active,3411.58
A0001309,C000023,Current,2019-03-19,Active,384.74
A0001310,C000037,Payroll,2018-09-21,Active,1952.29
A0001311,C000974,Savings,2014-08-24,Active,10702.77
A0001312,C000528,Payroll,2019-12-06,Active,10557.65
A0001313,C000388,Current,2018-05-16,Active,-1500.0
A0001314,C000812,Current,2017-12-06,Active,-974.9
A0001315,C000618,Payroll,2015-02-05,Active,-1500.0
A0001316,C000661,Current,2019-01-15,Active,6516.8
A0001317,C000686,Savings,2019-10-15,Active,985.59
A0001318,C000199,Payroll,2015-01-21,Active,3410.76
A0001319,C000089,Savings,2020-05-06,Active,10088.48
A0001320,C000729,Current,2015-09-05,Active,2460.23
A0001321,C000022,Savings,2015-06-14,Active,5183.75
A0001322,C000720,Current,2018-01-04,Active,4477.6
A0001323,C000130,Current,2017-11-21,Active,264.77
A0001324,C000263,Current,2023-02-22,Active,6524.81
A0001325,C000708,Payroll,2014-09-05,Active,-728.86
A0001326,C000623,Savings,2017-06-29,Active,7591.54
A0001327,C000782,Current,2021-05-05,Active,267.69
A0001328,C000611,Current,2016-06-30,Active,683.72
A0001329,C000048,Savings,2023-10-23,Active,-1500.0
A0001330,C000840,Payroll,2021-06-04,Active,-1012.19
A0001331,C000216,Current,2023-06-16,Active,878.3
A0001332,C000137,Current,2023-06-27,Active,-1500.0
A0001333,C000879,Payroll,2015-02-03,Inactive,1613.34
A0001334,C000195,Payroll,2018-08-03,Active,569.7
A0001335,C000537,Payroll,2021-06-10,Active,5502.04
A0001336,C000486,Current,2014-02-01,Active,4107.33
A0001337,C000770,Current,2018-07-08,Active,-189.02
A0001338,C000045,Current,2020-11-16,Active,757.51
A0001339,C000107,Current,2021-12-04,Active,1608.45
A0001340,C000416,Payroll,2018-02-23,Active,8146.63
A0001341,C000474,Current,2022-08-17,Inactive,-624.76
A0001342,C000789,Savings,2020-09-24,Inactive,-235.09
A0001343,C000606,Payroll,2014-06-16,Inactive,-1500.0
A0001344,C000149,Payroll,2016-10-10,Active,-1500.0
A0001345,C000979,Savings,2023-05-17,Active,3666.61
A0001346,C000460,Payroll,2014-01-09,Inactive,3271.03
A0001347,C000965,Current,2015-01-30,Inactive,7374.5
A0001348,C000990,Current,2017-06-11,Active,6457.35
A0001349,C000052,Current,2023-12-07,Active,11609.04
A0001350,C000506,Payroll,2021-01-16,Active,2219.28
A0001351,C000423,Payroll,2015-06-23,Active,1509.99
A0001352,C000499,Current,2017-12-05,Active,-1500.0
A0001353,C000310,Current,2023-05-23,Active,5147.0
A0001354,C000559,Current,2016-03-10,Active,2950.43
A0001355,C000493,Current,2019-10-02,Active,4974.81
A0001356,C000187,Payroll,2018-08-21,Active,-1500.0
A0001357,C000289,Current,2021-08-07,Inactive,3836.1
A0001358,C000148,Savings,2021-07-09,Active,3279.76
A0001359,C000844,Savings,2022-04-30,Active,3028.33
A0001360,C000678,Current,2015-03-12,Active,-96.41
A0001361,C000388,Current,2018-07-15,Active,7019.43
A0001362,C000396,Payroll,2020-11-29,Active,10291.17
A0001363,C000080,Savings,2018-03-10,Active,-1500.0
A0001364,C000290,Current,2020-09-01,Active,5237.69
A0001365,C000925,Current,2020-05-09,Active,-1500.0
A0001366,C000032,Payroll,2017-09-15,Active,5040.72
A0001367,C000147,Payroll,2015-01-01,Active,-1500.0
A0001368,C000847,Payroll,2023-09-12,Active,505.12
A0001369,C000521,Savings,2022-04-03,Active,-1500.0
A0001370,C000033,Payroll,2022-12-10,Active,1680.68
A0001371,C000490,Current,2016-12-30,Active,5687.42
A0001372,C000750,Savings,2017-02-27,Active,-1500.0
A0001373,C000346,Current,2017-03-26,Active,1133.98
A0001374,C000382,Savings,2014-04-24,Active,549.2
A0001375,C000632,Payroll,2015-09-12,Active,8507.98
A0001376,C000599,Payroll,2017-01-30,Active,4140.69
A0001377,C000903,Savings,2023-11-13,Inactive,-1500.0
A0001378,C000248,Savings,2016-01-18,Active,709.08
A0001379,C000277,Payroll,2019-01-28,Active,8413.2
A0001380,C000156,Payroll,2019-06-21,Active,5214.59
A0001381,C000665,Savings,2017-08-06,Active,-989.29
A0001382,C000534,Current,2023-03-08,Inactive,1485.13
A0001383,C000347,Current,2014-12-07,Active,1606.59
A0001384,C000696,Payroll,2022-09-12,Active,455.67
A0001385,C000377,Savings,2021-06-07,Active,-1500.0
A0001386,C000196,Savings,2017-01-21,Active,-74.96
A0001387,C000540,Savings,2021-09-03,Active,7778.96
A0001388,C000437,Current,2018-04-14,Active,1051.65
A0001389,C000406,Current,2023-09-13,Active,2107.64
A0001390,C000445,Payroll,2014-05-14,Active,3034.0
A0001391,C000915,Current,2014-04-19,Active,10928.94
A0001392,C000216,Savings,2019-06-10,Active,2533.72
A0001393,C000276,Savings,2023-04-23,Active,6656.99
A0001394,C000566,Payroll,2014-08-20,Active,226.92
A0001395,C000047,Current,2021-10-10,Active,1514.28
A0001396,C000146,Savings,2023-05-19,Inactive,2547.7
A0001397,C000567,Current,2018-11-11,Active,-441.71
A0001398,C000510,Current,2022-08-31,Active,1725.87
A0001399,C000653,Current,2021-07-25,Active,5874.59
A0001400,C000114,Current,2016-02-21,Active,-541.39
