customer_id,gender,birth_year,city,segment,employment_status,customer_since,declared_income_eur
C000001,M,1993,Athens,SME,Retired,2019-01-14,25027.06
C000002,F,1990,Athens,Mass,Self-employed,2020-01-08,20029.21
C000003,F,1981,Athens,Premium,Salaried,2013-09-29,15900.26
C000004,M,1997,Athens,Affluent,Unemployed,2014-12-30,6435.09
C000005,M,1961,Thessaloniki,Mass,Salaried,2023-03-23,23852.32
C000006,F,1999,Athens,Premium,Unemployed,2021-12-02,
C000007,M,1995,Volos,Mass,Self-employed,2015-10-12,18252.28
C000008,F,1979,Athens,Mass,Salaried,2013-05-16,46619.66
C000009,M,1990,Patras,Mass,Salaried,2014-03-20,23515.69
C000010,M,1979,Athens,Affluent,Unemployed,2017-07-14,18674.43
C000011,F,1967,Thessaloniki,Mass,Salaried,2017-12-06,19458.4
C000012,F,1993,Thessaloniki,Mass,Retired,2012-07-29,26978.78
C000013,F,1966,Athens,Mass,Unemployed,2010-12-03,10702.07
C000014,F,1970,Volos,Mass,Self-employed,2016-12-05,11932.23
C000015,F,1979,Athens,Mass,Salaried,2021-02-27,44351.51
C000016,F,1995,Athens,Mass,Self-employed,2012-02-19,22999.68
C000017,F,1973,Thessaloniki,Mass,Retired,2015-09-18,33306.09
C000018,M,1978,Larissa,Mass,Salaried,2012-04-05,17750.13
C000019,F,1956,Athens,Affluent,Salaried,2013-05-22,22714.65
C000020,M,1960,Athens,Mass,Salaried,2018-07-26,16914.42
C000021,F,1957,Larissa,Affluent,Salaried,2014-01-02,40909.57
C000022,M,1958,Patras,Mass,Unemployed,2013-09-09,12485.01
C000023,M,1996,Volos,Mass,Salaried,2023-12-06,28400.51
C000024,F,1995,Thessaloniki,Mass,Self-employed,2012-05-30,43063.77
C000025,F,1994,Thessaloniki,Mass,Salaried,2012-08-25,39563.54
C000026,F,1957,Athens,Mass,Salaried,2023-01-04,33571.87
C000027,M,1958,Volos,SME,Salaried,2017-09-12,13398.18
C000028,F,1968,Athens,Mass,Retired,2010-08-08,18175.23
C000029,F,1982,Patras,Mass,Self-employed,2015-12-12,15968.4
C000030,M,1971,Athens,Affluent,Salaried,2017-11-27,33042.97
C000031,M,1978,Thessaloniki,Mass,Unemployed,2013-07-17,11768.31
C000032,M,1963,Patras,Mass,Salaried,2017-09-02,13575.0
C000033,M,1990,Thessaloniki,Mass,Salaried,2019-01-27,22487.78
C000034,F,1970,Larissa,Mass,Salaried,2013-07-04,12996.99
C000035,F,1958,Athens,Mass,Student,2021-05-14,8331.95
C000036,M,1990,Thessaloniki,SME,Self-employed,2016-05-02,12145.86
C000037,F,1998,Athens,Premium,Self-employed,2023-06-25,30397.25
C000038,F,1955,Athens,Mass,Salaried,2011-03-25,28530.94
C000039,M,1975,Athens,Affluent,Salaried,2014-07-15,54248.92
C000040,F,1994,Athens,SME,Self-employed,2020-02-03,34755.98
C000041,M,1988,Athens,Mass,Salaried,2022-07-10,20381.36
C000042,F,1996,Thessaloniki,SME,Retired,2013-02-06,34323.63
C000043,F,1974,Thessaloniki,Affluent,Unemployed,2023-09-19,6090.43
C000044,M,1972,Thessaloniki,Premium,Salaried,2012-09-15,16248.59
C000045,M,1989,Athens,Private,Unemployed,2015-10-28,12599.5
C000046,F,1962,Athens,Mass,Student,2014-05-29,3441.67
C000047,M,1966,Athens,Mass,Salaried,2015-12-09,23966.02
C000048,F,1983,Heraklion,Mass,Self-employed,2022-08-17,15858.95
C000049,F,1987,Larissa,Mass,Retired,2020-04-01,25401.13
C000050,F,1960,Athens,Mass,Salaried,2021-02-21,15480.72
C000051,F,1979,Thessaloniki,Private,Retired,2013-07-21,29091.0
C000052,M,1972,Athens,Mass,Salaried,2023-04-01,24541.42
C000053,M,1979,Athens,Mass,Self-employed,2016-02-04,43833.5
C000054,M,2001,Athens,SME,Unemployed,2019-02-14,10985.38
C000055,M,1958,Athens,Mass,Self-employed,2019-10-06,17626.7
C000056,M,2002,Thessaloniki,Mass,Salaried,2019-04-11,21945.29
C000057,F,1976,Larissa,Private,Self-employed,2018-06-03,13841.42
C000058,M,1992,Athens,Mass,Salaried,2016-09-18,28870.56
C000059,F,1975,Thessaloniki,Mass,Salaried,2019-01-23,31186.39
C000060,F,1969,Patras,Mass,Salaried,2022-08-31,68669.63
C000061,F,1991,Volos,Premium,Self-employed,2015-06-15,18747.75
C000062,F,1988,Thessaloniki,Mass,Salaried,2017-02-23,21753.42
C000063,M,1961,Athens,Mass,Salaried,2012-07-09,19114.1
C000064,F,1988,Thessaloniki,Mass,Retired,2014-12-20,26611.21
C000065,M,1991,Athens,Mass,Salaried,2020-10-20,28575.64
C000066,M,1973,Volos,Premium,Salaried,2018-12-17,23803.37
C000067,F,1999,Athens,Mass,Salaried,2012-12-14,38417.06
C000068,M,1985,Patras,Private,Salaried,2017-08-22,18786.03
C000069,M,1971,Athens,Mass,Self-employed,2021-05-12,36834.61
C000070,M,1955,Athens,Mass,Salaried,2011-09-26,30520.96
C000071,F,1987,Larissa,SME,Salaried,2010-11-13,24220.32
C000072,M,1965,Thessaloniki,Mass,Student,2015-06-30,7464.43
C000073,M,1991,Athens,Mass,Unemployed,2019-03-09,30354.28
C000074,M,1980,Volos,SME,Self-employed,2014-05-21,17272.25
C000075,F,1977,Larissa,Mass,Retired,2021-06-27,27587.88
C000076,M,1962,Athens,Mass,Retired,2021-11-06,17763.62
C000077,M,1989,Thessaloniki,Private,Salaried,2017-06-14,51532.13
C000078,M,1962,Athens,Mass,Self-employed,2015-04-20,35329.27
C000079,F,1975,Thessaloniki,Mass,Self-employed,2010-08-02,18307.99
C000080,F,1995,Athens,Mass,Salaried,2021-06-30,30190.72
C000081,F,1999,Athens,Mass,Salaried,2022-07-11,27125.57
C000082,M,2002,Larissa,Mass,Salaried,2016-03-10,19594.76
C000083,M,2000,Volos,Affluent,Self-employed,2017-03-24,33470.81
C000084,F,1981,Larissa,Mass,Unemployed,2020-07-17,12900.23
C000085,F,1964,Volos,Affluent,Unemployed,2019-09-24,11993.09
C000086,F,1995,Patras,Mass,Salaried,2011-11-23,23918.17
C000087,M,1993,Heraklion,Mass,Salaried,2019-05-29,29174.28
C000088,M,2002,Heraklion,Mass,Salaried,2022-12-08,26804.98
C000089,F,1986,Athens,Affluent,Salaried,2020-07-03,24954.74
C000090,F,1961,Athens,Mass,Retired,2016-09-21,18597.33
C000091,M,1979,Athens,Mass,Retired,2017-04-27,49581.93
C000092,F,1976,Thessaloniki,SME,Retired,2013-08-20,15659.35
C000093,F,1995,Athens,Affluent,Retired,2019-03-31,29132.43
C000094,M,1973,Athens,Mass,Student,2013-05-19,7447.82
C000095,F,1970,Thessaloniki,Premium,Salaried,2014-10-13,50970.88
C000096,M,1958,Athens,Mass,Salaried,2013-09-16,16656.19
C000097,M,1995,Athens,Mass,Salaried,2014-09-10,17875.56
C000098,F,1991,Heraklion,Mass,Salaried,2015-02-17,16198.54
C000099,F,1956,Larissa,Mass,Salaried,2011-03-01,27885.31
C000100,M,1975,Athens,Mass,Salaried,2020-01-15,13674.92
C000101,F,1978,Athens,Affluent,Student,2016-03-03,6968.78
C000102,M,1977,Athens,Mass,Salaried,2023-04-15,9857.68
C000103,F,1999,Heraklion,SME,Student,2012-07-13,9425.32
C000104,M,1962,Heraklion,Premium,Unemployed,2019-05-12,8878.63
C000105,F,1969,Athens,Affluent,Self-employed,2012-07-04,13030.08
C000106,F,1963,Heraklion,Affluent,Self-employed,2017-08-28,38405.5
C000107,F,1966,Athens,Affluent,Salaried,2016-11-13,14055.65
C000108,F,1998,Athens,Private,Self-employed,2016-04-11,34020.42
C000109,M,2000,Volos,Mass,Salaried,2019-02-28,18134.34
C000110,F,1957,Athens,Mass,Retired,2021-08-03,47698.73
C000111,M,1985,Athens,Mass,Salaried,2014-06-07,33349.94
C000112,F,1966,Athens,Mass,Salaried,2021-11-20,15940.53
C000113,F,1964,Thessaloniki,Mass,Self-employed,2012-08-02,16561.32
C000114,M,1969,Volos,Affluent,Self-employed,2014-02-06,31392.38
C000115,F,1964,Volos,Mass,Salaried,2014-05-07,21802.96
C000116,F,1978,Athens,Premium,Self-employed,2023-05-04,22671.78
C000117,M,2002,Athens,Mass,Salaried,2011-08-29,41537.02
C000118,M,1983,Heraklion,Mass,Self-employed,2015-07-13,17775.04
C000119,M,1989,Athens,Mass,Salaried,2015-12-09,25294.53
C000120,M,1978,Larissa,Mass,Salaried,2021-03-12,36349.79
C000121,M,1955,Thessaloniki,Mass,Salaried,2016-10-18,34194.82
C000122,F,1959,Athens,Mass,Salaried,2023-07-12,22764.62
C000123,F,1967,Heraklion,Mass,Salaried,2020-05-11,21561.39
C000124,M,1966,Athens,Mass,Salaried,2019-11-05,11727.57
C000125,F,1995,Athens,Mass,Salaried,2020-07-14,15621.09
C000126,F,1995,Thessaloniki,Mass,Salaried,2012-04-05,27825.58
C000127,M,1995,Thessaloniki,Mass,Salaried,2016-04-13,22973.34
C000128,F,1985,Patras,Mass,Salaried,2018-03-15,25121.25
C000129,F,1981,Thessaloniki,Mass,Self-employed,2012-12-01,37665.0
C000130,F,1986,Volos,Mass,Retired,2011-08-30,14784.35
C000131,F,1974,Volos,Mass,Salaried,2011-11-25,22044.19
C000132,F,1987,Thessaloniki,Affluent,Retired,2021-01-15,26350.92
C000133,M,1993,Athens,Private,Salaried,2019-03-11,18110.6
C000134,F,1991,Patras,Premium,Salaried,2013-12-08,44410.02
C000135,F,1984,Volos,Mass,Self-employed,2020-04-25,35653.64
C000136,M,1957,Athens,Mass,Unemployed,2019-09-23,12373.94
C000137,F,1989,Athens,Mass,Retired,2021-06-04,51718.84
C000138,M,1972,Athens,SME,Salaried,2022-09-25,12970.9
C000139,M,1990,Athens,SME,Unemployed,2022-05-06,10918.86
C000140,M,1980,Thessaloniki,SME,Salaried,2012-07-13,28391.97
C000141,F,1997,Athens,Premium,Salaried,2020-10-05,16578.91
C000142,M,1971,Heraklion,Mass,Salaried,2015-07-01,27620.13
C000143,M,1999,Heraklion,SME,Student,2015-08-22,5353.0
C000144,M,1995,Heraklion,SME,Salaried,2019-01-20,32533.78
C000145,F,1970,Athens,Mass,Retired,2018-06-05,37960.09
C000146,F,1978,Athens,Premium,Self-employed,2015-11-15,27292.85
C000147,M,1980,Patras,Mass,Self-employed,2023-12-26,11179.36
C000148,M,1991,Heraklion,Private,Self-employed,2012-06-12,16219.13
C000149,F,1988,Athens,SME,Retired,2011-05-11,30858.83
C000150,M,1995,Larissa,Mass,Salaried,2010-05-29,24560.71
C000151,F,1972,Athens,Affluent,Salaried,2021-05-23,7851.96
C000152,M,1979,Larissa,Mass,Self-employed,2015-09-09,41027.13
C000153,F,1975,Athens,SME,Salaried,2016-02-13,25781.07
C000154,M,1998,Athens,SME,Salaried,2019-01-31,17257.27
C000155,M,1969,Thessaloniki,Affluent,Salaried,2016-02-03,36970.71
C000156,F,1983,Athens,SME,Salaried,2018-01-12,18314.22
C000157,M,1960,Athens,Mass,Salaried,2010-10-26,18230.48
C000158,F,1995,Athens,Mass,Salaried,2012-03-09,28296.92
C000159,F,1973,Athens,Mass,Retired,2023-01-15,51433.05
C000160,F,1971,Heraklion,Mass,Salaried,2016-04-22,48141.82
C000161,F,1982,Athens,Mass,Student,2012-05-05,9909.57
C000162,F,1978,Thessaloniki,Mass,Student,2015-03-03,10346.26
C000163,M,1995,Heraklion,Mass,Salaried,2014-09-07,33942.72
C000164,M,1980,Athens,Mass,Self-employed,2013-11-02,14358.06
C000165,M,1979,Athens,SME,Self-employed,2014-02-09,31905.77
C000166,F,1960,Larissa,Mass,Self-employed,2020-03-15,17884.49
C000167,M,1956,Heraklion,Premium,Salaried,2011-06-30,27826.96
C000168,M,1974,Thessaloniki,Mass,Salaried,2014-05-02,22125.0
C000169,M,2002,Heraklion,Mass,Salaried,2016-07-19,30046.68
C000170,M,1999,Athens,Mass,Self-employed,2017-07-23,25580.96
C000171,M,1985,Athens,Mass,Student,2022-04-27,3000.0
C000172,M,1985,Patras,Mass,Self-employed,2022-12-01,26242.47
C000173,F,1973,Athens,Mass,Self-employed,2014-02-28,31879.05
C000174,F,1963,Patras,Mass,Student,2017-07-18,10274.99
C000175,F,1955,Thessaloniki,Mass,Self-employed,2010-04-25,23316.44
C000176,M,1971,Patras,Affluent,Salaried,2018-08-19,48518.86
C000177,F,1970,Athens,Mass,Retired,2012-02-21,27744.05
C000178,M,1964,Athens,SME,Salaried,2011-01-10,29255.5
C000179,F,1967,Athens,Mass,Salaried,2019-05-26,37747.96
C000180,F,1956,Athens,Premium,Salaried,2012-06-29,28347.36
C000181,F,1984,Patras,SME,Retired,2016-09-05,16694.47
C000182,M,1999,Athens,Premium,Salaried,2011-05-31,8742.04
C000183,M,1988,Athens,SME,Salaried,2020-06-07,19922.58
C000184,F,1976,Athens,Mass,Salaried,2020-09-13,33509.93
C000185,M,1975,Athens,Mass,Salaried,2018-01-16,20987.86
C000186,M,1969,Heraklion,Mass,Salaried,2021-09-11,34080.99
C000187,M,1961,Athens,SME,Self-employed,2016-02-11,25912.11
C000188,M,1983,Volos,Affluent,Retired,2012-08-10,41814.05
C000189,M,1982,Athens,Mass,Salaried,2012-02-13,21504.32
C000190,M,1955,Thessaloniki,Premium,Salaried,2013-01-25,29625.72
C000191,F,1974,Athens,Mass,Salaried,2012-10-20,30105.76
C000192,F,1968,Athens,Affluent,Salaried,2014-07-10,45737.45
C000193,F,1963,Larissa,Affluent,Salaried,2012-12-31,11887.14
C000194,M,1988,Volos,Mass,Self-employed,2018-04-09,20079.78
C000195,F,1980,Larissa,Affluent,Self-employed,2012-01-29,34765.36
C000196,M,1985,Athens,SME,Salaried,2018-09-13,46596.3
C000197,M,1989,Athens,Mass,Salaried,2014-09-04,26925.53
C000198,M,2002,Thessaloniki,Mass,Salaried,2019-08-11,21527.02
C000199,M,1993,Athens,Mass,Salaried,2017-03-06,33456.11
C000200,F,1984,Patras,Affluent,Retired,2022-08-31,35061.37
C000201,M,1997,Thessaloniki,Mass,Unemployed,2016-02-26,9418.53
C000202,F,1977,Thessaloniki,Premium,Retired,2014-02-16,27965.56
C000203,M,2002,Heraklion,Premium,Retired,2018-03-30,39967.48
C000204,F,1991,Patras,Mass,Self-employed,2019-03-21,53851.89
C000205,M,1986,Athens,Mass,Retired,2016-02-23,33252.79
C000206,M,1998,Athens,Affluent,Salaried,2017-10-31,24798.5
C000207,F,1979,Thessaloniki,Affluent,Salaried,2016-08-03,23796.37
C000208,F,1989,Athens,Mass,Salaried,2014-04-12,30764.19
C000209,M,1968,Athens,Mass,Salaried,2014-05-22,23188.63
C000210,F,2001,Athens,Mass,Salaried,2022-09-11,26361.21
C000211,M,1984,Patras,Private,Salaried,2019-06-13,15610.39
C000212,F,1992,Heraklion,Mass,Self-employed,2011-05-03,41972.25
C000213,F,1977,Thessaloniki,SME,Unemployed,2023-06-18,6785.99
C000214,M,1996,Athens,Mass,Self-employed,2019-12-18,20302.78
C000215,F,1958,Athens,Premium,Salaried,2010-09-14,25361.54
C000216,M,1960,Thessaloniki,Mass,Unemployed,2020-03-08,25278.43
C000217,M,1979,Athens,Mass,Salaried,2018-04-01,20383.34
C000218,M,1990,Thessaloniki,Premium,Salaried,2022-10-22,18403.08
C000219,M,1993,Thessaloniki,Premium,Salaried,2016-11-05,19315.38
C000220,F,1976,Athens,Mass,Salaried,2017-04-03,48861.1
C000221,M,1986,Athens,Mass,Salaried,2014-05-28,7471.23
C000222,M,1981,Athens,Mass,Unemployed,2014-07-02,7189.25
C000223,F,2001,Larissa,Mass,Unemployed,2018-08-24,34497.2
C000224,M,1986,Thessaloniki,Mass,Self-employed,2021-07-31,31199.91
C000225,F,1975,Athens,Premium,Salaried,2022-06-18,15298.14
C000226,M,2001,Larissa,Mass,Unemployed,2020-10-13,10763.19
C000227,F,1960,Athens,Affluent,Self-employed,2018-07-13,25042.53
C000228,F,2002,Athens,Mass,Salaried,2016-12-31,34730.47
C000229,F,1962,Volos,Mass,Self-employed,2014-10-02,52711.6
C000230,M,1968,Athens,Affluent,Salaried,2020-09-28,28658.11
C000231,M,1994,Athens,Mass,Salaried,2014-06-14,19405.06
C000232,F,1990,Thessaloniki,Affluent,Salaried,2013-09-30,33879.84
C000233,M,2001,Athens,Mass,Salaried,2022-02-21,18155.59
C000234,F,1990,Thessaloniki,Premium,Salaried,2018-04-01,15772.11
C000235,M,1985,Athens,Affluent,Salaried,2014-12-16,11624.13
C000236,F,1971,Athens,SME,Salaried,2022-02-08,12615.05
C000237,F,1955,Athens,Mass,Student,2023-06-21,5846.92
C000238,M,1960,Athens,Mass,Salaried,2014-06-13,14843.66
C000239,M,1969,Athens,Mass,Salaried,2017-04-18,27765.77
C000240,F,1956,Athens,Mass,Salaried,2016-10-06,14709.54
C000241,M,1979,Larissa,Mass,Retired,2019-10-26,6500.67
C000242,F,1992,Athens,Mass,Self-employed,2023-04-22,15702.21
C000243,M,2001,Athens,Mass,Retired,2017-09-03,19966.66
C000244,F,1978,Athens,Mass,Salaried,2021-03-02,18877.22
C000245,F,1997,Athens,Mass,Salaried,2018-05-02,46083.04
C000246,M,2002,Athens,Mass,Salaried,2022-05-30,18813.16
C000247,F,1996,Thessaloniki,Mass,Salaried,2015-08-30,35241.79
C000248,M,1977,Athens,Affluent,Unemployed,2015-05-23,10867.36
C000249,F,1970,Larissa,Mass,Retired,2015-11-29,23914.3
C000250,M,2001,Volos,Mass,Salaried,2023-12-11,17139.49
C000251,M,1966,Athens,Mass,Student,2018-07-22,8312.28
C000252,M,1974,Athens,SME,Salaried,2012-02-19,17652.98
C000253,M,1958,Athens,Mass,Salaried,2010-07-28,26144.92
C000254,M,1993,Thessaloniki,Affluent,Salaried,2017-04-04,22043.55
C000255,F,1986,Athens,Premium,Salaried,2021-04-10,16370.83
C000256,M,1959,Larissa,Mass,Unemployed,2016-09-15,16615.44
C000257,F,1965,Patras,Premium,Salaried,2017-11-02,29122.69
C000258,M,1981,Heraklion,SME,Salaried,2021-03-03,20167.22
C000259,M,1980,Thessaloniki,Mass,Self-employed,2017-03-23,25876.93
C000260,F,1993,Volos,Mass,Salaried,2022-09-18,23500.91
C000261,F,1967,Athens,Affluent,Salaried,2018-12-04,16909.18
C000262,M,1999,Athens,Private,Self-employed,2020-03-25,25074.54
C000263,M,1976,Athens,Mass,Salaried,2020-12-07,18754.24
C000264,F,1994,Volos,Mass,Salaried,2018-10-09,16368.73
C000265,F,1966,Thessaloniki,Affluent,Salaried,2010-09-13,12313.33
C000266,F,1956,Heraklion,Mass,Salaried,2015-12-25,20939.34
C000267,M,1957,Athens,Affluent,Salaried,2011-12-24,30888.14
C000268,M,1972,Volos,Mass,Unemployed,2017-02-20,8182.35
C000269,F,2000,Athens,Affluent,Student,2012-01-02,24560.03
C000270,F,1957,Athens,SME,Salaried,2017-02-15,35312.35
C000271,M,1972,Volos,Affluent,Student,2014-10-24,14735.23
C000272,M,1960,Athens,Affluent,Self-employed,2010-04-15,33996.13
C000273,M,1999,Athens,Affluent,Self-employed,2011-10-01,53008.27
C000274,F,1987,Thessaloniki,SME,Self-employed,2017-01-14,17491.3
C000275,M,1991,Athens,SME,Self-employed,2011-02-07,8303.98
C000276,M,1989,Athens,Mass,Unemployed,2021-12-23,9082.63
C000277,M,1986,Athens,Mass,Salaried,2020-08-12,30774.81
C000278,F,1992,Athens,Mass,Salaried,2019-12-04,25942.48
C000279,M,1955,Larissa,SME,Salaried,2012-05-29,27328.86
C000280,M,1996,Thessaloniki,Affluent,Salaried,2021-02-18,42394.85
C000281,M,1990,Athens,Mass,Self-employed,2018-11-18,28580.05
C000282,M,1990,Athens,Mass,Salaried,2015-06-19,34048.57
C000283,F,1973,Athens,Mass,Salaried,2010-01-03,16405.69
C000284,M,1993,Thessaloniki,Affluent,Salaried,2017-05-27,15366.34
C000285,M,1973,Volos,Mass,Salaried,2021-02-19,47950.66
C000286,F,1957,Volos,Mass,Self-employed,2010-06-21,25396.8
C000287,M,1998,Athens,Premium,Self-employed,2010-09-26,18736.78
C000288,F,1966,Athens,SME,Salaried,2015-05-12,18751.22
C000289,F,1959,Athens,Mass,Salaried,2017-02-27,18534.11
C000290,M,1984,Thessaloniki,Mass,Salaried,2016-08-21,18074.14
C000291,F,1966,Athens,Private,Salaried,2015-12-18,14201.15
C000292,M,1996,Thessaloniki,Affluent,Self-employed,2013-07-28,12962.6
C000293,F,1976,Thessaloniki,Affluent,Self-employed,2010-11-02,22428.73
C000294,M,1955,Athens,Mass,Salaried,2010-06-09,18976.77
C000295,F,2000,Athens,Mass,Salaried,2011-05-20,38754.68
C000296,F,1979,Athens,Mass,Student,2019-08-29,9636.08
C000297,F,1967,Athens,Affluent,Unemployed,2020-12-30,12245.65
C000298,M,1987,Athens,Mass,Salaried,2016-02-02,17816.66
C000299,M,1980,Patras,Mass,Salaried,2011-01-31,23136.53
C000300,M,1956,Athens,Affluent,Salaried,2015-10-26,28328.41
C000301,M,1991,Athens,Premium,Retired,2023-10-16,32886.0
C000302,F,1974,Thessaloniki,Affluent,Salaried,2013-07-01,23401.73
C000303,M,1988,Patras,Mass,Salaried,2016-11-14,38301.03
C000304,F,1997,Athens,Mass,Student,2017-07-11,8548.69
C000305,F,1984,Heraklion,Mass,Self-employed,2014-08-13,33961.94
C000306,M,1987,Volos,Mass,Salaried,2016-02-17,19816.34
C000307,M,1967,Thessaloniki,Mass,Salaried,2016-08-07,11369.76
C000308,F,1966,Thessaloniki,Mass,Salaried,2016-08-19,27247.33
C000309,M,1974,Athens,Affluent,Self-employed,2020-01-16,33012.32
C000310,M,1995,Volos,Premium,Salaried,2018-02-16,30997.01
C000311,F,1980,Athens,Private,Retired,2010-09-30,29065.83
C000312,F,1971,Volos,Mass,Retired,2010-02-02,21027.65
C000313,M,1992,Thessaloniki,Mass,Salaried,2015-09-30,17346.86
C000314,M,1995,Athens,Mass,Self-employed,2022-09-13,30691.04
C000315,M,1998,Athens,Mass,Salaried,2010-07-08,29117.89
C000316,F,1969,Patras,Mass,Salaried,2010-12-30,19233.76
C000317,F,1989,Thessaloniki,Mass,Self-employed,2019-07-04,38791.57
C000318,F,1983,Athens,SME,Salaried,2016-04-23,16801.05
C000319,F,1976,Patras,Mass,Salaried,2013-03-24,19051.86
C000320,F,1974,Larissa,Premium,Salaried,2012-11-25,48402.11
C000321,M,1960,Athens,Mass,Salaried,2019-04-22,35059.59
C000322,M,1968,Athens,Mass,Salaried,2017-04-30,20944.6
C000323,F,1981,Athens,Mass,Self-employed,2018-12-06,27465.88
C000324,F,1997,Heraklion,Mass,Unemployed,2013-12-02,11690.19
C000325,F,1996,Athens,Mass,Self-employed,2017-05-13,7683.59
C000326,M,1964,Larissa,Private,Retired,2022-01-12,16635.28
C000327,M,1987,Athens,Mass,Salaried,2014-06-06,23828.66
C000328,M,1959,Thessaloniki,Mass,Retired,2015-07-19,20956.9
C000329,M,1987,Athens,Affluent,Salaried,2012-04-16,27005.16
C000330,F,1971,Athens,Mass,Salaried,2018-12-09,39119.74
C000331,F,1976,Heraklion,Affluent,Retired,2010-06-16,21267.92
C000332,M,1989,Athens,Mass,Salaried,2013-06-25,15611.84
C000333,M,1975,Thessaloniki,SME,Salaried,2019-12-23,27901.55
C000334,F,1993,Volos,Mass,Salaried,2010-04-10,21222.52
C000335,M,1980,Volos,Mass,Salaried,2023-11-03,22798.58
C000336,F,2002,Larissa,Affluent,Salaried,2015-08-28,21535.44
C000337,F,1985,Athens,SME,Salaried,2015-07-31,62415.68
C000338,M,1969,Thessaloniki,Mass,Retired,2017-07-04,9498.64
C000339,M,1992,Larissa,Affluent,Salaried,2018-12-11,20679.53
C000340,F,1974,Athens,Mass,Salaried,2016-06-06,24305.32
C000341,F,1980,Athens,Mass,Salaried,2022-05-16,17534.4
C000342,M,1961,Heraklion,Mass,Retired,2023-06-17,35522.69
C000343,F,1960,Athens,Affluent,Salaried,2012-10-20,34254.33
C000344,F,1982,Thessaloniki,Mass,Salaried,2019-11-21,23859.63
C000345,F,1963,Volos,Affluent,Salaried,2014-03-18,21727.13
C000346,M,2002,Thessaloniki,Mass,Self-employed,2023-12-06,23224.85
C000347,F,1996,Athens,SME,Unemployed,2013-07-18,10482.71
C000348,F,1988,Athens,SME,Self-employed,2014-02-16,23554.76
C000349,M,1990,Athens,Mass,Unemployed,2019-12-29,10122.67
C000350,M,1983,Athens,Mass,Salaried,2021-01-15,27065.87
C000351,F,1957,Heraklion,Mass,Salaried,2011-10-20,33401.27
C000352,M,1973,Heraklion,SME,Salaried,2017-10-09,14520.12
C000353,M,1978,Athens,Mass,Salaried,2014-11-02,15657.75
C000354,M,1998,Athens,Mass,Salaried,2018-07-24,11679.87
C000355,F,1965,Larissa,Mass,Salaried,2017-10-15,35027.44
C000356,F,1978,Athens,SME,Salaried,2023-10-17,27041.71
C000357,M,1971,Thessaloniki,Mass,Self-employed,2023-01-24,30097.95
C000358,F,1961,Athens,Mass,Salaried,2019-02-24,13354.53
C000359,M,1959,Patras,Private,Self-employed,2019-07-04,51517.57
C000360,F,1972,Athens,Mass,Self-employed,2022-07-29,18850.27
C000361,F,1958,Thessaloniki,SME,Salaried,2012-07-26,26124.96
C000362,F,1958,Athens,Mass,Salaried,2020-02-26,34851.15
C000363,M,1971,Thessaloniki,Mass,Self-employed,2020-10-20,16082.2
C000364,F,1964,Athens,Premium,Self-employed,2011-10-13,19351.86
C000365,M,1981,Athens,Affluent,Salaried,2022-05-01,26245.56
C000366,F,1955,Thessaloniki,Affluent,Salaried,2019-10-15,80832.85
C000367,M,1969,Athens,Mass,Self-employed,2014-11-09,27624.89
C000368,M,1976,Athens,Mass,Self-employed,2016-10-10,47794.78
C000369,M,2001,Athens,Mass,Salaried,2016-11-06,40391.83
C000370,F,1985,Athens,Mass,Salaried,2022-11-09,28411.92
C000371,M,1997,Athens,Mass,Retired,2023-07-24,16067.24
C000372,F,1971,Volos,Mass,Salaried,2021-04-15,37990.69
C000373,M,1976,Athens,Mass,Retired,2019-02-15,12975.18
C000374,M,1975,Heraklion,Mass,Salaried,2011-06-17,47684.78
C000375,F,1997,Volos,Mass,Salaried,2022-10-19,26476.22
C000376,M,2001,Athens,Mass,Salaried,2011-11-16,7997.67
C000377,F,2001,Thessaloniki,SME,Salaried,2012-05-02,21099.14
C000378,F,1991,Larissa,Affluent,Retired,2010-12-22,32037.36
C000379,M,1979,Thessaloniki,Mass,Salaried,2023-04-05,22036.38
C000380,M,1980,Athens,Affluent,Student,2016-11-25,11504.35
C000381,M,2002,Athens,SME,Salaried,2013-04-20,17034.4
C000382,F,1968,Athens,Mass,Retired,2011-02-17,14065.6
C000383,F,1971,Thessaloniki,Mass,Retired,2015-10-07,23623.4
C000384,M,1998,Volos,Mass,Salaried,2020-02-15,24667.89
C000385,M,1973,Volos,Mass,Salaried,2023-12-01,21029.44
C000386,M,1966,Athens,SME,Self-employed,2017-09-23,40760.24
C000387,M,1981,Patras,Private,Salaried,2018-06-30,17033.08
C000388,F,1970,Athens,Mass,Retired,2021-09-11,27764.95
C000389,F,1997,Larissa,Affluent,Salaried,2022-08-14,25047.95
C000390,M,1998,Athens,Mass,Salaried,2013-11-30,12659.7
C000391,F,1969,Volos,Affluent,Salaried,2023-11-17,13988.73
C000392,M,1980,Heraklion,Affluent,Self-employed,2017-04-06,24465.09
C000393,M,2002,Athens,Mass,Student,2023-01-06,19580.35
C000394,F,1990,Athens,Mass,Salaried,2011-08-24,31048.11
C000395,F,1965,Heraklion,Affluent,Unemployed,2011-05-13,5306.7
C000396,F,1983,Athens,Private,Retired,2022-05-18,6591.89
C000397,M,1984,Thessaloniki,Mass,Salaried,2019-05-30,33119.67
C000398,M,1986,Larissa,Mass,Salaried,2012-06-13,23378.93
C000399,M,1956,Thessaloniki,Mass,Self-employed,2022-07-10,39313.83
C000400,M,1969,Athens,Mass,Self-employed,2011-06-08,16816.21
C000401,F,1996,Athens,Affluent,Salaried,2019-07-19,28200.34
C000402,F,1966,Athens,SME,Retired,2012-11-13,34731.17
C000403,M,1969,Volos,Affluent,Salaried,2010-12-27,20172.29
C000404,F,1970,Athens,Premium,Retired,2021-04-12,20354.23
C000405,M,1963,Athens,SME,Retired,2021-11-09,24602.67
C000406,F,1962,Athens,Mass,Unemployed,2011-06-25,13758.56
C000407,M,1971,Volos,Mass,Salaried,2011-04-21,24196.9
C000408,M,1996,Athens,Mass,Salaried,2018-08-06,36646.69
C000409,F,1955,Larissa,Mass,Salaried,2010-05-27,20050.06
C000410,M,1968,Patras,Premium,Salaried,2020-06-09,13933.82
C000411,M,1957,Heraklion,Affluent,Self-employed,2022-10-24,55844.69
C000412,M,1981,Volos,Private,Salaried,2020-07-05,18883.69
C000413,M,1967,Larissa,Mass,Salaried,2013-03-24,19172.92
C000414,M,1993,Volos,Mass,Salaried,2012-08-29,23679.44
C000415,M,1983,Athens,Mass,Salaried,2019-07-10,25039.66
C000416,F,1992,Heraklion,Mass,Salaried,2010-11-11,20693.87
C000417,F,1985,Thessaloniki,Mass,Self-employed,2017-07-10,24165.42
C000418,M,1976,Thessaloniki,Mass,Unemployed,2016-04-12,10772.93
C000419,M,1996,Larissa,Mass,Salaried,2020-06-01,26197.63
C000420,F,1977,Volos,Premium,Retired,2012-10-31,9043.99
C000421,F,2000,Patras,Mass,Retired,2020-08-31,53635.59
C000422,F,2002,Athens,Mass,Salaried,2019-10-14,22882.76
C000423,F,1983,Athens,SME,Self-employed,2013-05-04,31065.76
C000424,F,1987,Athens,Mass,Salaried,2014-12-28,13645.94
C000425,M,1967,Athens,Premium,Salaried,2010-12-04,19973.86
C000426,M,1994,Athens,Affluent,Salaried,2016-04-15,18354.45
C000427,F,1987,Athens,Mass,Salaried,2013-08-24,45129.16
C000428,F,1998,Athens,Affluent,Retired,2011-08-03,19033.55
C000429,M,1967,Heraklion,Affluent,Retired,2017-11-01,33469.63
C000430,F,1992,Athens,Affluent,Retired,2017-12-10,18524.02
C000431,M,1977,Volos,SME,Self-employed,2011-03-16,20128.66
C000432,F,1963,Thessaloniki,Affluent,Salaried,2012-08-06,21957.61
C000433,F,1963,Athens,Affluent,Student,2011-02-27,14609.0
C000434,M,1981,Athens,Mass,Salaried,2019-07-02,11006.73
C000435,M,1970,Athens,Affluent,Salaried,2014-09-24,14008.52
C000436,M,1959,Volos,Premium,Self-employed,2010-12-30,10744.31
C000437,F,1975,Athens,Affluent,Salaried,2012-09-05,15417.36
C000438,F,1986,Thessaloniki,Affluent,Salaried,2023-08-27,17311.53
C000439,M,1970,Volos,Mass,Salaried,2013-07-30,12356.26
C000440,M,2000,Volos,Affluent,Self-employed,2019-07-30,17883.93
C000441,F,1992,Athens,Private,Salaried,2016-07-21,10444.39
C000442,M,1979,Athens,Mass,Salaried,2012-07-17,15874.11
C000443,M,1999,Athens,Mass,Salaried,2014-04-20,40302.81
C000444,M,1975,Athens,Mass,Salaried,2010-03-14,28839.67
C000445,F,1961,Athens,Mass,Retired,2020-06-14,26337.17
C000446,F,1956,Thessaloniki,Affluent,Salaried,2014-09-06,15975.84
C000447,M,2000,Larissa,Mass,Self-employed,2016-12-26,12769.88
C000448,F,2001,Thessaloniki,Mass,Unemployed,2012-02-20,6788.92
C000449,F,1990,Thessaloniki,Affluent,Salaried,2021-07-13,23905.21
C000450,M,1959,Athens,Affluent,Retired,2013-01-21,35053.62
C000451,F,1969,Heraklion,Affluent,Self-employed,2017-12-03,35560.63
C000452,F,1956,Thessaloniki,Affluent,Salaried,2022-03-18,31724.9
C000453,M,1957,Larissa,Affluent,Salaried,2019-12-24,17858.34
C000454,M,1966,Volos,SME,Salaried,2018-06-10,24595.31
C000455,F,1982,Athens,Affluent,Student,2022-06-04,7444.37
C000456,F,1958,Athens,Mass,Unemployed,2012-06-20,10066.74
C000457,M,2002,Athens,Affluent,Retired,2023-06-25,57273.52
C000458,F,1976,Athens,Mass,Retired,2017-10-15,11613.92
C000459,F,1967,Volos,Mass,Salaried,2015-09-26,22058.11
C000460,M,1979,Athens,Mass,Unemployed,2013-07-31,18222.76
C000461,F,1992,Heraklion,SME,Salaried,2020-06-03,13151.95
C000462,M,1970,Thessaloniki,Affluent,Unemployed,2023-08-29,8359.2
C000463,F,1957,Athens,Mass,Salaried,2019-08-28,19492.87
C000464,M,1957,Athens,Affluent,Salaried,2010-06-17,22163.86
C000465,M,1995,Thessaloniki,Mass,Unemployed,2016-07-25,5603.75
C000466,F,1960,Thessaloniki,Affluent,Unemployed,2020-03-31,14065.95
C000467,M,1985,Athens,SME,Self-employed,2015-07-24,32203.83
C000468,F,1973,Athens,Affluent,Salaried,2020-10-25,30137.26
C000469,M,1992,Patras,Affluent,Salaried,2019-11-24,16889.43
C000470,F,1957,Athens,Mass,Student,2010-12-10,8835.32
C000471,F,1998,Volos,Mass,Salaried,2017-10-22,16684.49
C000472,F,1988,Athens,SME,Salaried,2012-05-28,21169.34
C000473,M,1976,Athens,Affluent,Salaried,2016-10-22,60141.57
C000474,M,1964,Athens,Mass,Salaried,2015-05-18,25341.33
C000475,F,2001,Thessaloniki,Mass,Salaried,2021-04-16,14783.08
C000476,F,1969,Thessaloniki,Mass,Salaried,2022-02-23,26258.39
C000477,F,1978,Athens,Mass,Retired,2016-06-16,13797.54
C000478,M,1973,Volos,Mass,Retired,2017-07-07,14711.95
C000479,F,1966,Athens,Mass,Retired,2018-10-05,15720.62
C000480,M,1974,Athens,Premium,Self-employed,2019-03-03,20199.03
C000481,M,1962,Athens,Mass,Salaried,2018-11-21,36081.19
C000482,F,1955,Athens,Mass,Self-employed,2020-12-15,31036.75
C000483,M,1968,Thessaloniki,Mass,Retired,2023-09-27,30322.89
C000484,F,1960,Athens,Mass,Self-employed,2021-08-02,15343.57
C000485,M,1974,Thessaloniki,SME,Self-employed,2011-11-20,19392.62
C000486,M,1996,Athens,Mass,Unemployed,2016-08-30,12280.07
C000487,M,1962,Volos,SME,Self-employed,2016-06-15,18696.76
C000488,F,1955,Athens,SME,Unemployed,2017-02-12,9745.67
C000489,F,1960,Larissa,Mass,Salaried,2017-05-24,29300.82
C000490,F,1979,Athens,Affluent,Salaried,2020-01-18,21026.01
C000491,F,1968,Athens,Premium,Self-employed,2015-11-22,26767.53
C000492,F,1978,Heraklion,Mass,Salaried,2013-09-07,47521.9
C000493,F,1956,Thessaloniki,Mass,Retired,2016-05-27,22647.83
C000494,F,1970,Heraklion,Premium,Self-employed,2021-12-15,39947.52
C000495,M,1974,Athens,Premium,Salaried,2014-05-11,30789.7
C000496,M,1975,Thessaloniki,Mass,Unemployed,2010-04-17,5915.02
C000497,M,1981,Larissa,Mass,Self-employed,2023-08-29,15322.88
C000498,M,1992,Thessaloniki,Mass,Unemployed,2012-09-27,7718.55
C000499,F,1977,Athens,SME,Salaried,2018-06-08,17000.01
C000500,M,1995,Thessaloniki,Mass,Retired,2021-03-13,23437.17
C000501,M,1980,Thessaloniki,Mass,Salaried,2013-11-03,31512.84
C000502,F,1967,Volos,Affluent,Self-employed,2014-10-05,41240.11
C000503,F,1965,Athens,Premium,Salaried,2013-12-04,27706.81
C000504,F,1970,Athens,SME,Self-employed,2012-02-05,20187.41
C000505,M,1983,Heraklion,Mass,Self-employed,2012-02-21,10152.33
C000506,M,1966,Thessaloniki,Mass,Self-employed,2012-08-12,25075.53
C000507,F,1998,Patras,Premium,Salaried,2016-05-29,24607.92
C000508,M,1978,Athens,Premium,Unemployed,2017-06-05,11829.15
C000509,M,1996,Athens,Mass,Self-employed,2010-03-23,58960.38
C000510,M,1987,Patras,Affluent,Salaried,2021-11-02,40988.65
C000511,F,1971,Athens,Mass,Student,2019-06-16,11847.87
C000512,F,1965,Athens,Mass,Self-employed,2010-12-28,16251.29
C000513,F,1990,Thessaloniki,Mass,Student,2021-10-16,6868.63
C000514,F,1970,Patras,Mass,Student,2010-06-05,8187.33
C000515,F,1966,Larissa,Mass,Retired,2017-11-04,17576.69
C000516,M,1999,Athens,SME,Unemployed,2016-07-05,13516.78
C000517,F,1978,Athens,Mass,Self-employed,2017-01-09,28279.76
C000518,M,1957,Volos,Mass,Salaried,2023-05-19,15412.14
C000519,M,1978,Athens,Mass,Salaried,2022-12-21,40241.86
C000520,F,1977,Athens,Mass,Unemployed,2013-11-26,11435.33
C000521,M,1996,Athens,Mass,Salaried,2018-02-10,11775.66
C000522,M,1989,Thessaloniki,Affluent,Retired,2023-06-03,23823.7
C000523,M,1964,Larissa,Mass,Salaried,2020-03-13,27394.75
C000524,F,1962,Heraklion,Affluent,Salaried,2022-06-03,36628.17
C000525,M,1983,Patras,Premium,Salaried,2016-01-31,21126.0
C000526,M,1957,Athens,Mass,Salaried,2013-12-17,34466.19
C000527,F,1970,Athens,Premium,Salaried,2017-02-22,26333.56
C000528,M,1961,Athens,Premium,Salaried,2021-06-06,14012.11
C000529,F,1955,Athens,SME,Retired,2022-12-30,13435.15
C000530,F,1999,Athens,Affluent,Salaried,2019-08-06,39006.17
C000531,F,1959,Athens,Affluent,Salaried,2019-11-20,40227.79
C000532,M,1955,Athens,Affluent,Salaried,2017-02-28,27878.8
C000533,M,1999,Thessaloniki,Affluent,Salaried,2014-06-22,45624.35
C000534,M,1964,Patras,Mass,Salaried,2015-12-02,37940.57
C000535,F,1994,Athens,Premium,Self-employed,2016-12-18,32439.24
C000536,M,1956,Athens,Affluent,Unemployed,2021-05-30,7470.68
C000537,M,1962,Heraklion,SME,Salaried,2017-10-08,50372.47
C000538,M,1960,Patras,Mass,Self-employed,2021-02-04,30492.82
C000539,F,1988,Heraklion,Mass,Salaried,2010-05-20,20701.22
C000540,M,1984,Athens,Mass,Salaried,2020-08-03,18385.67
C000541,F,1977,Heraklion,Mass,Retired,2017-02-04,27115.19
C000542,M,1966,Athens,Mass,Salaried,2023-12-20,12066.1
C000543,M,1959,Athens,Mass,Retired,2016-08-07,32658.58
C000544,M,1982,Athens,Mass,Salaried,2016-09-11,16309.45
C000545,F,1966,Athens,Mass,Salaried,2011-10-14,28442.94
C000546,M,1983,Athens,Mass,Salaried,2021-04-16,19553.69
C000547,M,1987,Athens,Premium,Salaried,2019-10-25,21784.29
C000548,F,1995,Patras,Mass,Student,2022-01-25,6199.82
C000549,F,1978,Athens,Mass,Salaried,2011-04-19,22749.16
C000550,F,1955,Athens,Mass,Retired,2012-12-17,53827.48
C000551,F,1968,Athens,Mass,Retired,2022-04-09,43552.62
C000552,M,1995,Athens,Mass,Salaried,2010-08-03,28250.92
C000553,F,1980,Athens,Affluent,Salaried,2017-02-09,24085.77
C000554,M,1984,Athens,Premium,Salaried,2015-08-31,34702.41
C000555,F,1976,Athens,Mass,Salaried,2023-02-22,39127.76
C000556,F,1962,Heraklion,Affluent,Unemployed,2021-12-26,7730.81
C000557,F,1998,Volos,Mass,Salaried,2022-07-19,23564.01
C000558,F,1992,Athens,Mass,Retired,2014-01-17,11325.11
C000559,F,2002,Thessaloniki,Mass,Self-employed,2018-03-22,39015.06
C000560,F,1996,Larissa,Mass,Salaried,2019-10-18,57948.51
C000561,F,1968,Volos,Affluent,Self-employed,2023-07-15,25175.7
C000562,M,1967,Thessaloniki,Affluent,Salaried,2010-02-07,9971.59
C000563,M,1966,Larissa,Affluent,Retired,2023-09-02,31436.79
C000564,M,1999,Larissa,Mass,Salaried,2014-12-21,16651.95
C000565,F,1981,Heraklion,Affluent,Student,2011-10-18,6448.3
C000566,M,1976,Athens,Mass,Unemployed,2018-08-12,14252.03
C000567,M,2001,Athens,Mass,Retired,2020-12-07,27089.8
C000568,M,1983,Athens,Mass,Salaried,2011-10-26,19830.85
C000569,F,1998,Athens,Affluent,Retired,2010-07-28,18530.36
C000570,F,2002,Athens,Private,Salaried,2022-07-18,25664.17
C000571,F,1958,Athens,Mass,Unemployed,2023-01-24,9223.56
C000572,M,1972,Thessaloniki,Mass,Salaried,2012-03-09,15277.26
C000573,M,1990,Thessaloniki,Affluent,Salaried,2022-08-25,21169.64
C000574,M,1994,Heraklion,SME,Salaried,2022-09-24,28074.83
C000575,M,1962,Athens,Mass,Salaried,2023-12-15,22588.51
C000576,M,1970,Athens,Affluent,Salaried,2013-01-10,13444.51
C000577,F,1981,Heraklion,Affluent,Retired,2018-02-05,36879.35
C000578,F,1993,Larissa,SME,Salaried,2023-11-29,7705.57
C000579,F,1960,Volos,Mass,Unemployed,2022-08-18,9081.72
C000580,M,1983,Larissa,Premium,Salaried,2018-06-18,18760.65
C000581,M,1969,Larissa,Mass,Unemployed,2012-10-04,11657.76
C000582,F,1965,Athens,SME,Unemployed,2011-03-08,13868.71
C000583,M,1979,Athens,Mass,Salaried,2013-08-17,39075.12
C000584,M,1974,Athens,Mass,Self-employed,2010-11-30,18048.0
C000585,M,1985,Thessaloniki,Mass,Retired,2012-09-24,31143.62
C000586,F,1970,Volos,Mass,Unemployed,2011-01-18,11893.36
C000587,F,1994,Athens,Mass,Salaried,2020-08-30,11862.69
C000588,M,1958,Thessaloniki,Mass,Salaried,2018-04-03,54080.39
C000589,F,1996,Athens,Mass,Unemployed,2017-03-31,5986.17
C000590,F,1956,Athens,Mass,Salaried,2021-04-29,29033.01
C000591,F,1990,Athens,SME,Unemployed,2015-10-01,12903.78
C000592,F,1971,Athens,Premium,Salaried,2015-08-22,27330.74
C000593,M,1973,Volos,Affluent,Unemployed,2012-11-23,8899.68
C000594,F,1955,Athens,Mass,Salaried,2016-03-23,34456.26
C000595,M,1988,Heraklion,Mass,Salaried,2012-06-10,12640.3
C000596,F,1962,Patras,Premium,Student,2018-03-31,8287.72
C000597,F,1986,Athens,Mass,Retired,2023-12-16,19209.74
C000598,F,1989,Athens,Mass,Retired,2017-06-16,18316.08
C000599,F,1995,Heraklion,Premium,Student,2014-03-09,10201.11
C000600,F,1988,Athens,Premium,Salaried,2019-08-17,38274.57
C000601,F,1969,Larissa,Mass,Salaried,2021-06-22,21074.78
C000602,F,1990,Athens,Affluent,Salaried,2016-08-07,33788.85
C000603,F,1994,Thessaloniki,Mass,Salaried,2013-07-03,24856.91
C000604,M,1970,Heraklion,Affluent,Salaried,2019-12-27,16731.57
C000605,F,1960,Athens,Mass,Retired,2012-08-14,21843.53
C000606,F,1997,Athens,Mass,Salaried,2023-12-15,21465.79
C000607,M,1962,Volos,Affluent,Salaried,2014-06-13,18167.74
C000608,F,1983,Athens,Mass,Salaried,2014-11-26,29142.79
C000609,F,1966,Athens,Affluent,Salaried,2020-03-03,26864.24
C000610,F,1961,Athens,Mass,Salaried,2010-03-04,12480.56
C000611,F,1992,Athens,Premium,Self-employed,2012-11-02,12165.5
C000612,M,1961,Heraklion,SME,Salaried,2011-10-04,29096.33
C000613,F,1987,Heraklion,Mass,Self-employed,2015-06-22,17284.75
C000614,M,1988,Athens,SME,Retired,2017-09-29,27635.52
C000615,F,1957,Heraklion,Mass,Self-employed,2012-07-06,33792.4
C000616,F,1963,Athens,Mass,Self-employed,2014-10-26,14274.07
C000617,M,1993,Athens,Mass,Salaried,2020-10-20,13455.65
C000618,M,1979,Thessaloniki,SME,Salaried,2023-02-25,49180.93
C000619,M,1960,Volos,SME,Salaried,2010-03-14,28216.43
C000620,M,2002,Athens,Premium,Student,2018-10-12,7144.49
C000621,M,1967,Athens,SME,Self-employed,2010-05-12,16444.48
C000622,M,1955,Thessaloniki,Premium,Salaried,2017-04-13,19645.72
C000623,M,1999,Heraklion,Mass,Salaried,2022-04-22,14764.19
C000624,M,1955,Athens,Premium,Retired,2021-03-01,35278.65
C000625,F,1981,Athens,Affluent,Self-employed,2013-04-04,17566.77
C000626,M,2002,Patras,Mass,Self-employed,2013-08-14,38533.55
C000627,M,1982,Athens,Affluent,Retired,2020-12-17,20573.02
C000628,M,1983,Athens,Mass,Self-employed,2021-06-20,15705.92
C000629,F,1973,Athens,Mass,Self-employed,2013-12-06,20352.38
C000630,M,1961,Athens,Mass,Salaried,2010-01-16,8085.68
C000631,F,1982,Athens,Mass,Salaried,2016-03-21,23139.06
C000632,M,1998,Larissa,Mass,Student,2018-09-02,7932.53
C000633,M,1959,Thessaloniki,Premium,Self-employed,2016-03-17,34419.96
C000634,M,1997,Patras,Affluent,Salaried,2023-01-29,11023.14
C000635,M,1974,Volos,Mass,Self-employed,2021-05-20,39655.46
C000636,F,1980,Athens,Mass,Salaried,2021-01-08,34360.11
C000637,M,1962,Athens,Mass,Retired,2010-04-14,41186.19
C000638,M,1984,Volos,Mass,Salaried,2021-12-11,23809.91
C000639,F,1963,Athens,SME,Unemployed,2020-07-26,16769.7
C000640,F,1968,Patras,Mass,Salaried,2015-07-22,13122.42
C000641,F,1989,Patras,Affluent,Salaried,2018-04-01,32842.54
C000642,F,1957,Athens,Affluent,Salaried,2021-07-13,17608.05
C000643,F,1976,Athens,Affluent,Unemployed,2022-09-05,5474.76
C000644,M,1983,Athens,SME,Salaried,2017-09-15,15181.93
C000645,F,1961,Athens,Mass,Salaried,2010-07-31,24399.63
C000646,M,1969,Athens,Premium,Unemployed,2018-08-27,7748.75
C000647,M,1971,Athens,Affluent,Salaried,2019-07-07,28508.31
C000648,F,1986,Heraklion,SME,Salaried,2010-10-29,11390.56
C000649,F,2001,Larissa,Affluent,Salaried,2021-06-08,9962.86
C000650,F,1995,Heraklion,SME,Retired,2012-10-26,43321.43
C000651,M,1964,Athens,Private,Salaried,2022-06-17,35582.03
C000652,F,1955,Athens,Mass,Salaried,2017-09-16,15666.74
C000653,M,1957,Athens,SME,Salaried,2014-07-05,24312.36
C000654,F,1983,Athens,Affluent,Salaried,2010-10-28,37353.91
C000655,F,1962,Volos,Mass,Salaried,2010-04-02,29029.4
C000656,F,1966,Athens,Premium,Salaried,2020-05-16,25906.62
C000657,F,1995,Athens,Mass,Salaried,2015-04-12,38559.77
C000658,F,1996,Larissa,Affluent,Salaried,2021-10-02,17909.75
C000659,M,1995,Athens,Mass,Retired,2013-03-23,24663.88
C000660,M,1967,Athens,Mass,Salaried,2022-11-17,24161.21
C000661,M,1984,Athens,SME,Salaried,2023-03-05,21708.08
C000662,F,1984,Thessaloniki,Mass,Retired,2011-06-05,20666.76
C000663,M,1963,Heraklion,Mass,Retired,2019-01-19,25099.54
C000664,M,1981,Athens,Mass,Self-employed,2023-02-23,24697.35
C000665,F,1980,Larissa,Mass,Salaried,2014-07-10,15672.46
C000666,F,1974,Larissa,SME,Salaried,2010-12-12,34089.83
C000667,F,1991,Larissa,Premium,Salaried,2022-04-01,16153.92
C000668,F,1987,Athens,Mass,Salaried,2016-08-19,22210.98
C000669,F,1980,Athens,Affluent,Salaried,2010-05-19,21503.74
C000670,M,1989,Larissa,Mass,Self-employed,2021-10-03,28293.96
C000671,F,1991,Athens,Affluent,Salaried,2019-07-01,9996.36
C000672,F,1982,Thessaloniki,Mass,Self-employed,2010-12-26,35389.91
C000673,F,1967,Patras,Mass,Salaried,2013-08-14,18318.45
C000674,M,1991,Athens,Mass,Salaried,2010-04-04,40634.98
C000675,F,1989,Heraklion,Affluent,Unemployed,2023-05-12,8961.23
C000676,F,2002,Volos,Mass,Retired,2010-05-08,23848.72
C000677,F,1962,Patras,Mass,Salaried,2021-02-18,54382.09
C000678,M,1975,Athens,SME,Self-employed,2017-02-25,21666.4
C000679,F,1999,Larissa,Affluent,Salaried,2018-02-25,40958.59
C000680,F,1979,Thessaloniki,Mass,Salaried,2021-05-10,24745.5
C000681,F,2000,Patras,SME,Self-employed,2022-07-10,28983.32
C000682,M,1955,Heraklion,SME,Salaried,2011-10-14,25068.88
C000683,F,1956,Patras,Mass,Salaried,2010-04-02,34755.66
C000684,F,1993,Athens,Affluent,Salaried,2011-09-29,18252.85
C000685,M,1972,Athens,Mass,Salaried,2019-07-20,16102.01
C000686,F,1979,Athens,Affluent,Salaried,2017-12-15,18616.4
C000687,M,1975,Thessaloniki,Mass,Salaried,2011-03-05,25384.1
C000688,F,1974,Thessaloniki,Affluent,Student,2013-04-12,7765.4
C000689,M,2000,Thessaloniki,Mass,Self-employed,2017-07-08,32804.32
C000690,F,1959,Athens,Mass,Salaried,2020-03-20,42107.76
C000691,F,1992,Heraklion,Premium,Salaried,2014-10-21,16157.63
C000692,F,1997,Larissa,Mass,Self-employed,2023-04-15,17885.43
C000693,F,1986,Athens,SME,Salaried,2023-11-19,13316.77
C000694,F,1973,Patras,Private,Salaried,2020-09-19,57111.26
C000695,M,1962,Thessaloniki,SME,Unemployed,2016-05-10,12449.72
C000696,M,1987,Thessaloniki,Mass,Salaried,2022-04-10,29777.76
C000697,F,1977,Athens,SME,Salaried,2020-03-08,13864.85
C000698,F,1962,Heraklion,Mass,Salaried,2017-04-09,24331.05
C000699,M,1972,Volos,Mass,Salaried,2016-03-17,30148.31
C000700,M,2001,Patras,SME,Salaried,2021-08-24,21891.24
C000701,F,1967,Larissa,Affluent,Retired,2017-10-17,38246.08
C000702,F,1963,Volos,Mass,Salaried,2012-07-23,64277.77
C000703,M,1987,Athens,Mass,Self-employed,2023-12-28,16354.1
C000704,M,1964,Thessaloniki,SME,Self-employed,2010-12-16,15846.81
C000705,M,1999,Athens,Affluent,Salaried,2019-09-22,16837.14
C000706,F,1996,Volos,Mass,Salaried,2019-03-06,47791.53
C000707,M,2002,Athens,Premium,Salaried,2018-03-15,37714.1
C000708,F,1998,Athens,Mass,Self-employed,2010-09-23,22996.06
C000709,M,1966,Larissa,Mass,Salaried,2016-11-22,24719.68
C000710,M,1965,Athens,Affluent,Self-employed,2022-06-27,17275.62
C000711,F,1971,Heraklion,Private,Retired,2013-05-09,35376.8
C000712,F,1977,Athens,Mass,Unemployed,2019-09-04,9338.8
C000713,F,1997,Volos,Mass,Student,2022-01-06,7638.42
C000714,F,1990,Larissa,Mass,Unemployed,2023-04-28,14145.96
C000715,F,1985,Athens,SME,Retired,2017-03-22,22494.86
C000716,F,1997,Heraklion,Mass,Retired,2014-05-23,22055.43
C000717,F,1986,Athens,Mass,Self-employed,2019-10-16,24451.37
C000718,M,1973,Thessaloniki,Private,Unemployed,2016-10-20,15298.98
C000719,M,1974,Thessaloniki,Mass,Retired,2018-10-10,48607.21
C000720,F,1979,Heraklion,Mass,Salaried,2020-05-18,31129.28
C000721,M,1959,Athens,Mass,Self-employed,2019-12-09,34111.57
C000722,F,1990,Athens,SME,Salaried,2013-05-25,22383.1
C000723,F,1986,Patras,Mass,Retired,2020-07-29,18082.95
C000724,M,1990,Thessaloniki,Mass,Salaried,2017-07-31,32037.88
C000725,F,1980,Athens,Mass,Unemployed,2023-01-09,11771.23
C000726,M,1992,Athens,Affluent,Unemployed,2019-03-24,6026.9
C000727,F,2000,Athens,SME,Student,2022-06-24,7423.37
C000728,M,1982,Larissa,Mass,Salaried,2023-09-11,23510.05
C000729,M,1976,Athens,Mass,Self-employed,2023-11-30,19645.58
C000730,F,1960,Athens,Premium,Unemployed,2020-06-02,20410.84
C000731,F,1992,Volos,Mass,Retired,2018-05-11,29778.22
C000732,M,1998,Athens,Mass,Retired,2011-08-27,43335.76
C000733,F,1988,Patras,Mass,Self-employed,2015-05-28,27190.93
C000734,F,1996,Athens,Mass,Self-employed,2016-08-25,25189.51
C000735,M,1996,Larissa,Mass,Salaried,2020-12-02,16426.13
C000736,F,1993,Patras,Mass,Student,2018-03-28,8562.85
C000737,F,1979,Larissa,Mass,Salaried,2016-02-22,24476.84
C000738,M,1959,Athens,Mass,Self-employed,2012-01-20,13709.06
C000739,F,1955,Thessaloniki,Affluent,Unemployed,2020-01-06,8733.23
C000740,F,1964,Heraklion,Affluent,Salaried,2016-01-17,21252.32
C000741,F,1975,Athens,Mass,Salaried,2010-07-04,28959.73
C000742,F,1990,Athens,SME,Salaried,2013-12-22,29547.87
C000743,F,1976,Athens,Mass,Retired,2022-04-22,19069.51
C000744,M,1956,Volos,SME,Salaried,2011-08-31,29641.34
C000745,F,1965,Patras,Mass,Salaried,2015-09-07,22550.82
C000746,M,2002,Thessaloniki,SME,Self-employed,2017-03-01,7293.65
C000747,F,2002,Patras,Mass,Salaried,2011-03-04,19859.25
C000748,M,1973,Thessaloniki,Mass,Retired,2012-04-26,38298.85
C000749,M,1993,Athens,Mass,Salaried,2023-02-26,12011.76
C000750,M,1989,Athens,Mass,Salaried,2018-04-06,25522.87
C000751,F,1999,Thessaloniki,Mass,Salaried,2012-12-10,47373.09
C000752,M,1997,Athens,Affluent,Salaried,2012-05-17,17686.25
C000753,M,1985,Larissa,SME,Salaried,2015-12-16,24364.99
C000754,F,1973,Heraklion,Mass,Unemployed,2020-02-15,6334.75
C000755,F,1985,Athens,Premium,Salaried,2020-03-21,48215.56
C000756,M,1970,Thessaloniki,SME,Salaried,2012-09-24,23505.75
C000757,F,1971,Athens,SME,Salaried,2020-02-25,24824.42
C000758,M,1984,Volos,Affluent,Salaried,2022-07-17,42993.58
C000759,M,1982,Larissa,Affluent,Retired,2013-03-02,32138.85
C000760,F,1982,Volos,Mass,Salaried,2010-05-14,16852.19
C000761,M,1973,Athens,Affluent,Student,2023-06-01,6491.97
C000762,F,1974,Athens,Premium,Salaried,2017-04-21,29967.57
C000763,F,1955,Athens,Mass,Salaried,2020-11-11,18729.76
C000764,F,1983,Athens,Mass,Salaried,2014-06-24,10004.18
C000765,M,1982,Athens,Mass,Salaried,2014-03-09,23804.71
C000766,F,1999,Athens,Premium,Unemployed,2013-02-24,5882.89
C000767,F,1979,Volos,Mass,Salaried,2013-01-13,47994.34
C000768,M,1977,Athens,Affluent,Salaried,2016-08-06,26219.29
C000769,M,1958,Athens,SME,Self-employed,2011-06-25,16644.36
C000770,M,1964,Heraklion,Private,Self-employed,2021-10-12,18152.7
C000771,F,1971,Thessaloniki,Mass,Retired,2017-02-25,11008.83
C000772,F,1973,Heraklion,SME,Student,2022-10-22,5369.04
C000773,M,1972,Thessaloniki,Premium,Self-employed,2017-01-10,37304.0
C000774,F,1973,Larissa,Mass,Unemployed,2014-03-30,27968.73
C000775,F,1991,Thessaloniki,Affluent,Unemployed,2017-03-16,14862.24
C000776,F,1961,Thessaloniki,Mass,Salaried,2012-02-28,23419.92
C000777,M,1970,Patras,Affluent,Self-employed,2021-07-13,20304.08
C000778,M,1962,Athens,Mass,Salaried,2020-01-28,16289.43
C000779,M,1969,Athens,Mass,Unemployed,2012-01-22,26019.3
C000780,F,1987,Athens,Mass,Student,2018-02-22,7870.71
C000781,F,1957,Athens,Mass,Salaried,2017-07-12,59193.35
C000782,F,1971,Heraklion,Mass,Retired,2012-10-24,43707.64
C000783,M,1956,Athens,Affluent,Retired,2011-09-16,11717.81
C000784,M,2000,Athens,Mass,Salaried,2020-08-21,18403.57
C000785,M,1989,Athens,Mass,Salaried,2013-09-11,18379.68
C000786,F,1966,Larissa,Affluent,Retired,2017-04-05,23540.19
C000787,M,1964,Athens,Affluent,Student,2013-06-19,8306.94
C000788,F,1959,Patras,Mass,Salaried,2019-02-21,85683.92
C000789,F,1977,Larissa,Premium,Salaried,2010-09-08,15484.03
C000790,M,1991,Athens,Mass,Self-employed,2015-01-11,26800.27
C000791,M,1983,Heraklion,SME,Salaried,2017-08-27,31537.52
C000792,M,1997,Athens,Mass,Salaried,2016-02-22,24326.94
C000793,F,1971,Athens,Affluent,Salaried,2018-07-27,25495.97
C000794,F,1968,Patras,Private,Salaried,2012-07-10,15696.3
C000795,M,1977,Larissa,SME,Self-employed,2016-03-07,25456.44
C000796,M,1964,Athens,Affluent,Self-employed,2020-08-01,30175.56
C000797,F,2001,Thessaloniki,Affluent,Self-employed,2014-09-01,27933.79
C000798,M,1963,Athens,Mass,Unemployed,2012-03-13,13918.54
C000799,M,1977,Thessaloniki,Affluent,Salaried,2021-11-11,44059.46
C000800,M,1980,Thessaloniki,SME,Salaried,2020-11-21,36081.15
C000801,M,1957,Thessaloniki,Private,Salaried,2019-07-09,25082.95
C000802,M,1977,Thessaloniki,Mass,Salaried,2021-03-01,14881.31
C000803,F,1976,Athens,Mass,Salaried,2020-11-23,18920.43
C000804,F,1967,Patras,Affluent,Salaried,2020-06-12,22197.94
C000805,F,1961,Thessaloniki,Mass,Salaried,2017-02-16,27064.69
C000806,F,1957,Patras,Mass,Salaried,2010-04-10,19912.45
C000807,F,1955,Athens,Mass,Self-employed,2018-05-10,16432.1
C000808,M,1978,Athens,Affluent,Self-employed,2013-10-27,14778.91
C000809,M,1959,Athens,Mass,Retired,2020-10-26,12167.28
C000810,F,2001,Athens,Mass,Unemployed,2016-07-21,9925.01
C000811,M,1966,Athens,Mass,Self-employed,2022-08-31,13131.12
C000812,F,1986,Athens,SME,Salaried,2018-05-02,15990.97
C000813,F,1987,Patras,Affluent,Self-employed,2017-09-14,20631.23
C000814,M,1978,Athens,Mass,Salaried,2022-11-11,13889.87
C000815,F,1997,Heraklion,Mass,Salaried,2016-08-24,28552.39
C000816,F,1960,Thessaloniki,Mass,Salaried,2015-04-04,33219.55
C000817,M,1966,Heraklion,Mass,Salaried,2015-03-14,19326.66
C000818,M,1967,Athens,Affluent,Salaried,2022-03-30,20260.91
C000819,F,1961,Athens,Mass,Self-employed,2020-07-31,30507.28
C000820,F,1969,Thessaloniki,Premium,Retired,2012-04-15,18035.95
C000821,M,1970,Volos,Mass,Unemployed,2016-11-21,7885.21
C000822,F,1991,Athens,Affluent,Self-employed,2015-03-13,40236.48
C000823,M,1969,Thessaloniki,Mass,Salaried,2019-01-18,35290.14
C000824,F,1997,Thessaloniki,Premium,Salaried,2010-09-25,31340.02
C000825,F,1992,Patras,Private,Self-employed,2019-12-29,35909.99
C000826,M,1998,Athens,Affluent,Salaried,2020-05-22,10609.9
C000827,F,1960,Thessaloniki,Mass,Salaried,2013-03-03,42985.19
C000828,F,2002,Athens,Mass,Salaried,2012-02-09,28700.39
C000829,F,1984,Volos,SME,Retired,2018-10-12,37217.27
C000830,M,2002,Athens,Affluent,Self-employed,2013-08-06,28641.38
C000831,M,1972,Athens,Mass,Salaried,2023-03-05,24848.39
C000832,M,2000,Volos,Mass,Self-employed,2020-11-05,21684.87
C000833,M,1983,Athens,Mass,Salaried,2023-05-13,28401.6
C000834,M,1958,Athens,SME,Salaried,2017-06-25,21355.53
C000835,F,1974,Athens,Affluent,Salaried,2023-02-17,35049.2
C000836,F,1961,Athens,Affluent,Salaried,2010-03-13,12502.55
C000837,F,2000,Athens,Affluent,Self-employed,2014-01-21,19390.49
C000838,M,1969,Athens,Mass,Salaried,2010-01-12,57458.93
C000839,M,1965,Heraklion,Mass,Unemployed,2019-06-25,8421.46
C000840,F,1981,Patras,Mass,Salaried,2017-02-22,22021.02
C000841,M,1975,Athens,SME,Self-employed,2014-01-09,16803.06
C000842,F,1959,Thessaloniki,Mass,Self-employed,2014-04-08,28030.69
C000843,F,1994,Athens,Mass,Self-employed,2019-01-03,17868.04
C000844,M,1995,Volos,Mass,Self-employed,2012-07-10,22517.4
C000845,M,1990,Athens,Mass,Student,2017-03-14,12169.67
C000846,M,1984,Thessaloniki,Affluent,Salaried,2018-08-02,18151.7
C000847,M,1974,Athens,Mass,Self-employed,2013-05-11,33901.57
C000848,M,1981,Thessaloniki,Mass,Self-employed,2013-03-13,34383.65
C000849,F,1980,Athens,SME,Salaried,2014-12-16,37914.22
C000850,F,1962,Patras,Mass,Salaried,2018-04-15,25823.16
C000851,F,1958,Athens,Mass,Salaried,2013-07-23,94971.19
C000852,F,1967,Larissa,Mass,Salaried,2015-04-23,37907.5
C000853,F,1976,Thessaloniki,SME,Salaried,2017-08-09,27901.86
C000854,M,1962,Patras,Mass,Salaried,2012-08-12,16850.1
C000855,M,1960,Larissa,Affluent,Self-employed,2017-12-17,23370.62
C000856,F,1995,Volos,Premium,Salaried,2011-12-07,44314.06
C000857,M,1972,Athens,Affluent,Unemployed,2011-12-30,22460.13
C000858,M,1983,Athens,Mass,Salaried,2013-04-25,45292.57
C000859,F,1980,Athens,Affluent,Self-employed,2014-01-04,33852.93
C000860,F,1990,Athens,Mass,Salaried,2010-06-02,14366.04
C000861,F,1990,Thessaloniki,Mass,Salaried,2023-06-15,29869.94
C000862,F,1969,Volos,Mass,Salaried,2014-04-24,14452.33
C000863,M,1995,Volos,Mass,Self-employed,2021-04-04,13033.29
C000864,F,1972,Thessaloniki,Mass,Salaried,2022-08-14,26915.2
C000865,F,1995,Thessaloniki,Mass,Retired,2021-03-15,30325.49
C000866,F,1974,Larissa,Mass,Salaried,2021-08-19,35575.71
C000867,F,1960,Volos,Mass,Self-employed,2011-05-27,29995.34
C000868,F,1991,Athens,Mass,Salaried,2015-03-16,30432.49
C000869,M,1956,Thessaloniki,Premium,Self-employed,2020-06-10,16097.93
C000870,M,1992,Heraklion,Mass,Salaried,2018-01-21,23293.04
C000871,M,1957,Athens,Affluent,Salaried,2010-01-29,12926.19
C000872,M,1964,Athens,Mass,Salaried,2017-12-09,10494.27
C000873,M,1983,Volos,Mass,Salaried,2021-04-04,33225.4
C000874,M,2000,Volos,Mass,Salaried,2021-08-05,17741.96
C000875,F,1974,Larissa,Mass,Student,2015-05-16,12291.06
C000876,F,1960,Heraklion,Mass,Salaried,2013-04-22,38774.03
C000877,F,1966,Athens,Mass,Salaried,2014-05-01,18767.59
C000878,F,1998,Athens,Mass,Student,2014-02-23,10917.35
C000879,F,1989,Thessaloniki,Mass,Salaried,2014-11-07,18440.68
C000880,F,1959,Thessaloniki,Mass,Salaried,2014-03-23,11211.9
C000881,M,1973,Thessaloniki,Mass,Self-employed,2016-05-25,25636.95
C000882,F,1967,Thessaloniki,Mass,Retired,2010-07-28,19974.92
C000883,M,1963,Athens,Mass,Self-employed,2013-11-07,20234.87
C000884,M,1995,Patras,Mass,Salaried,2014-05-28,55806.42
C000885,F,1984,Athens,Mass,Student,2012-02-23,4488.7
C000886,F,1963,Athens,Mass,Salaried,2022-04-14,28589.82
C000887,M,1986,Athens,Mass,Student,2019-06-14,5610.3
C000888,M,1974,Athens,Premium,Retired,2022-10-05,35648.77
C000889,M,1957,Larissa,Mass,Retired,2017-11-09,27593.65
C000890,M,1976,Athens,Mass,Salaried,2011-07-15,28547.5
C000891,M,1963,Athens,Mass,Salaried,2022-08-28,16369.03
C000892,F,1966,Patras,Private,Self-employed,2016-05-29,17649.33
C000893,F,1997,Thessaloniki,Affluent,Salaried,2019-07-30,35934.22
C000894,F,1989,Athens,Affluent,Salaried,2015-05-03,51212.3
C000895,F,1961,Athens,Private,Retired,2016-11-30,29784.08
C000896,F,1995,Athens,Mass,Self-employed,2016-11-05,16698.65
C000897,F,1982,Thessaloniki,Private,Salaried,2013-12-25,28067.12
C000898,M,1996,Athens,Mass,Salaried,2017-10-05,67476.74
C000899,M,1990,Athens,Affluent,Salaried,2020-04-07,25413.04
C000900,F,1971,Athens,Mass,Salaried,2010-04-14,44980.0
C000901,M,1980,Thessaloniki,Mass,Salaried,2011-10-31,17837.56
C000902,M,1980,Athens,Premium,Unemployed,2021-10-13,10762.42
C000903,M,1989,Larissa,Mass,Self-employed,2017-12-20,31578.05
C000904,F,1966,Athens,Private,Salaried,2023-08-16,28763.94
C000905,M,1970,Thessaloniki,Mass,Salaried,2018-06-17,17643.39
C000906,F,1966,Athens,Affluent,Self-employed,2019-02-21,17326.68
C000907,M,1969,Athens,Premium,Unemployed,2022-07-30,16590.27
C000908,M,1962,Athens,Mass,Retired,2019-03-29,40152.96
C000909,M,1956,Heraklion,Premium,Salaried,2014-08-12,45940.41
C000910,M,2000,Larissa,Affluent,Unemployed,2017-05-21,23368.47
C000911,F,1958,Athens,Affluent,Salaried,2013-04-18,25759.02
C000912,M,1997,Athens,Mass,Salaried,2014-09-05,21360.45
C000913,M,1955,Larissa,Mass,Retired,2019-07-09,42933.87
C000914,F,1992,Thessaloniki,Affluent,Salaried,2012-02-01,32842.84
C000915,F,1970,Athens,Mass,Salaried,2019-05-27,16112.79
C000916,M,1979,Athens,Mass,Salaried,2018-03-04,15770.13
C000917,F,1968,Thessaloniki,Mass,Salaried,2014-04-25,29929.82
C000918,F,1978,Patras,SME,Salaried,2010-08-18,22596.37
C000919,M,1976,Thessaloniki,Mass,Self-employed,2019-11-10,24074.28
C000920,F,1980,Volos,Affluent,Salaried,2021-07-15,38195.16
C000921,F,1973,Athens,Private,Salaried,2020-03-19,33483.08
C000922,F,1980,Athens,Mass,Retired,2015-11-21,42554.75
C000923,M,1994,Athens,Mass,Salaried,2019-02-22,10815.71
C000924,M,1975,Athens,Affluent,Retired,2015-10-21,27076.65
C000925,M,1972,Athens,Mass,Salaried,2015-01-05,32590.27
C000926,F,1961,Athens,Affluent,Self-employed,2014-07-30,12820.93
C000927,F,1972,Athens,Affluent,Salaried,2012-12-13,18489.23
C000928,M,1961,Patras,Affluent,Retired,2023-07-25,17102.78
C000929,M,1963,Athens,Mass,Salaried,2019-04-28,24565.87
C000930,F,2000,Athens,Affluent,Retired,2012-06-12,48228.17
C000931,F,1959,Thessaloniki,Affluent,Salaried,2022-02-07,56924.87
C000932,F,1978,Thessaloniki,Mass,Self-employed,2012-02-13,17292.0
C000933,M,1995,Heraklion,Affluent,Salaried,2018-04-22,30368.28
C000934,F,2000,Heraklion,Premium,Salaried,2012-04-25,30782.3
C000935,M,1962,Patras,Affluent,Salaried,2015-01-20,28646.97
C000936,F,1962,Athens,Mass,Salaried,2019-03-20,28783.9
C000937,M,1972,Athens,Mass,Salaried,2023-12-24,27655.28
C000938,M,1981,Thessaloniki,Mass,Self-employed,2023-11-17,49453.07
C000939,M,2001,Athens,Mass,Salaried,2022-07-13,38678.37
C000940,F,1964,Athens,Mass,Salaried,2013-04-18,15595.46
C000941,F,1962,Athens,Private,Salaried,2011-04-23,34002.96
C000942,M,1967,Athens,Mass,Salaried,2022-09-02,35411.67
C000943,F,1996,Athens,SME,Salaried,2022-12-01,27785.96
C000944,M,1956,Athens,Mass,Self-employed,2013-11-24,39151.67
C000945,M,1973,Heraklion,Mass,Salaried,2010-04-08,26343.88
C000946,M,1960,Volos,Mass,Retired,2019-01-24,26481.36
C000947,F,1962,Athens,Mass,Salaried,2011-01-24,25614.68
C000948,M,1999,Volos,SME,Salaried,2010-07-26,10428.91
C000949,F,1955,Athens,Premium,Retired,2023-02-10,23534.73
C000950,M,1970,Volos,SME,Salaried,2016-12-07,18385.82
C000951,M,1998,Volos,Mass,Salaried,2011-07-27,14789.78
C000952,M,1984,Athens,SME,Student,2019-02-27,15560.1
C000953,F,1958,Heraklion,Mass,Retired,2015-03-02,30084.55
C000954,M,1977,Volos,Premium,Self-employed,2017-07-03,24039.92
C000955,F,2001,Larissa,Mass,Salaried,2022-07-30,19202.25
C000956,F,1974,Volos,Mass,Self-employed,2013-04-30,27567.46
C000957,M,1980,Thessaloniki,Mass,Student,2019-01-17,12920.63
C000958,F,1980,Athens,Mass,Retired,2021-08-04,17200.17
C000959,F,1986,Larissa,Mass,Salaried,2015-12-06,24293.69
C000960,M,1963,Thessaloniki,Premium,Salaried,2023-07-29,35052.0
C000961,M,1995,Thessaloniki,SME,Salaried,2016-04-09,10795.44
C000962,M,2002,Athens,Premium,Salaried,2016-06-04,23761.47
C000963,F,1961,Thessaloniki,Mass,Self-employed,2022-05-16,20326.84
C000964,M,1994,Athens,Affluent,Salaried,2018-11-24,23012.47
C000965,F,1994,Patras,Mass,Salaried,2022-02-26,19718.57
C000966,F,1990,Athens,Mass,Salaried,2021-01-22,25791.55
C000967,F,1972,Patras,Mass,Salaried,2019-12-20,54607.33
C000968,M,1977,Larissa,Mass,Salaried,2013-05-19,21246.61
C000969,F,1995,Athens,Affluent,Salaried,2015-08-01,27515.88
C000970,M,1962,Thessaloniki,Mass,Salaried,2022-02-04,56263.06
C000971,M,1994,Athens,Mass,Student,2018-08-14,6762.66
C000972,M,1999,Volos,Affluent,Salaried,2013-12-02,52164.82
C000973,M,1987,Patras,Mass,Salaried,2014-07-31,24397.49
C000974,M,1971,Athens,Premium,Salaried,2020-11-08,51451.58
C000975,M,1981,Athens,Mass,Salaried,2012-06-29,33359.05
C000976,M,1957,Athens,SME,Salaried,2011-07-27,27694.4
C000977,M,1999,Athens,Affluent,Salaried,2020-09-14,23681.16
C000978,F,1971,Volos,Affluent,Salaried,2014-01-13,18730.39
C000979,M,1957,Patras,Affluent,Salaried,2020-09-16,25130.37
C000980,F,1993,Athens,SME,Self-employed,2017-06-19,35485.94
C000981,F,1986,Larissa,Affluent,Salaried,2023-12-17,24209.33
C000982,F,1984,Athens,Mass,Salaried,2017-05-06,21311.85
C000983,F,1957,Larissa,Mass,Self-employed,2022-02-19,21909.41
C000984,F,1991,Athens,Affluent,Salaried,2021-11-24,36932.24
C000985,F,1985,Thessaloniki,Mass,Salaried,2012-12-19,40723.79
C000986,F,1993,Volos,Mass,Salaried,2023-12-09,18394.31
C000987,F,1994,Athens,Mass,Salaried,2020-06-08,18383.21
C000988,M,1965,Patras,Mass,Salaried,2011-07-02,28547.67
C000989,M,1965,Volos,Mass,Student,2010-01-31,16183.4
C000990,F,1999,Athens,Affluent,Student,2013-10-18,13787.17
C000991,M,1980,Athens,SME,Student,2010-03-25,5036.16
C000992,F,1976,Thessaloniki,SME,Salaried,2015-01-02,21787.42
C000993,M,1968,Athens,Mass,Salaried,2023-12-10,16467.54
C000994,M,1985,Athens,Mass,Salaried,2016-09-13,21756.0
C000995,F,1991,Athens,Affluent,Salaried,2010-05-03,47755.63
C000996,F,1955,Patras,Mass,Salaried,2016-11-28,13393.27
C000997,F,1981,Athens,Affluent,Salaried,2013-01-24,12333.53
C000998,M,2002,Athens,Mass,Salaried,2021-12-24,17188.7
C000999,F,1968,Larissa,Private,Salaried,2011-04-08,27465.07
C001000,F,1968,Thessaloniki,Mass,Salaried,2020-10-12,31593.83
