loan_id,customer_id,loan_type,open_date,original_principal_eur,current_balance_eur,monthly_installment_eur,days_past_due,loan_status
L0000001,C000627,Consumer,2020-11-17,5959.12,5632.13,24.47,15,Active
L0000002,C000638,SME,2018-06-04,86673.1,23753.09,607.28,0,Active
L0000003,C000598,Consumer,2021-12-25,6958.2,472.64,177.55,5,Closed
L0000004,C000722,Auto,2023-12-23,23221.05,6982.25,482.29,0,Active
L0000005,C000558,Auto,2023-06-20,20912.12,8731.88,152.25,0,Active
L0000006,C000705,Consumer,2021-06-28,16588.93,9007.93,113.59,0,Active
L0000007,C000487,Consumer,2018-11-17,9426.44,1053.02,43.5,0,Active
L0000008,C000151,Mortgage,2023-04-06,84417.15,64274.04,382.16,0,Active
L0000009,C000080,Consumer,2023-06-01,13891.86,11015.57,66.45,0,Active
L0000010,C000908,SME,2016-01-17,47691.46,11533.92,285.13,0,Active
L0000011,C000441,Consumer,2018-09-15,5844.86,4492.22,613.9,0,Closed
L0000012,C000323,Auto,2020-05-31,31569.68,11847.6,195.03,0,Active
L0000013,C000294,Consumer,2020-08-14,8042.96,3464.9,36.15,0,Active
L0000014,C000052,Consumer,2021-09-11,7031.84,6277.67,27.35,60,Active
L0000015,C000946,SME,2020-02-08,48946.61,41737.45,222.07,0,Active
L0000016,C000084,Mortgage,2016-02-10,176378.64,68364.3,23499.01,0,Active
L0000017,C000220,Consumer,2017-04-28,1166.32,570.68,8.38,0,Active
L0000018,C000458,Consumer,2022-02-04,17849.42,5495.33,103.76,0,Active
L0000019,C000359,Mortgage,2021-07-17,78983.69,40589.0,1111.66,5,Active
L0000020,C000040,Mortgage,2021-03-17,131903.64,87546.7,1220.71,0,Active
L0000021,C000330,Auto,2019-07-11,13267.95,1769.96,379.47,0,Active
L0000022,C000780,Mortgage,2018-03-13,209636.26,184030.66,3624.02,0,Active
L0000023,C000251,Auto,2018-06-18,18872.34,13153.77,3196.55,0,Active
L0000024,C000866,Consumer,2021-07-04,8459.54,1159.61,32.04,0,Active
L0000025,C000361,Mortgage,2020-01-12,106450.89,88576.73,484.79,0,Active
L0000026,C000014,Consumer,2017-01-17,12448.19,8954.16,106.33,0,Active
L0000027,C000109,Mortgage,2019-03-12,127995.45,42470.7,22417.97,0,Closed
L0000028,C000811,Auto,2022-08-03,21071.34,10942.13,197.18,0,Closed
L0000029,C000406,Consumer,2020-10-15,11992.98,9883.62,88.13,0,Closed
L0000030,C000982,Mortgage,2022-12-04,58027.69,53461.67,1169.57,0,Active
L0000031,C000789,Consumer,2020-01-25,10298.66,3120.18,56.19,0,Active
L0000032,C000031,Consumer,2019-11-18,15033.29,9553.69,57.4,0,Active
L0000033,C000313,Consumer,2023-08-04,8650.59,7130.01,34.69,0,Active
L0000034,C000725,Mortgage,2020-01-21,150275.16,141160.99,595.14,0,Active
L0000035,C000064,Mortgage,2017-01-29,121427.32,13799.81,570.58,0,Active
L0000036,C001000,Consumer,2019-03-19,10911.3,5491.22,435.42,0,Active
L0000037,C000167,Auto,2021-03-06,26359.01,22044.02,183.29,0,Active
L0000038,C000798,Consumer,2018-10-05,3309.34,174.87,21.98,0,Closed
L0000039,C000841,Consumer,2019-04-12,8623.4,3824.58,240.22,0,Active
L0000040,C000506,Mortgage,2022-12-23,175459.29,101025.75,4165.69,0,Active
L0000041,C000804,Auto,2019-06-24,30810.34,16139.73,217.44,0,Active
L0000042,C000885,Mortgage,2018-06-09,222869.66,158125.0,1233.0,0,Active
L0000043,C000735,Consumer,2016-11-10,12251.78,1335.07,174.21,0,Closed
L0000044,C000708,Consumer,2019-03-22,14289.49,10815.36,107.36,0,Closed
L0000045,C000389,Mortgage,2022-02-16,156784.25,47796.23,6853.72,0,Active
L0000046,C000293,Consumer,2018-05-25,18375.38,14549.74,546.24,0,Active
L0000047,C000868,Mortgage,2019-10-06,134089.14,57328.35,790.13,90,Active
L0000048,C000225,Consumer,2021-04-01,16630.74,1473.93,99.23,0,Active
L0000049,C000415,Mortgage,2023-06-02,140689.82,129086.19,719.31,0,Active
L0000050,C000513,Consumer,2022-07-05,14611.12,10994.79,63.23,0,Active
L0000051,C000391,Consumer,2018-04-15,7408.15,2689.41,148.62,0,Active
L0000052,C000373,Mortgage,2017-04-24,105185.38,30821.91,1212.33,0,Active
L0000053,C000600,Consumer,2021-05-12,9386.15,5444.6,38.41,60,Active
L0000054,C000330,Auto,2018-01-13,9677.73,9083.18,547.35,0,Active
L0000055,C000989,SME,2019-02-19,13709.87,4265.83,53.98,0,Active
L0000056,C000178,Mortgage,2016-10-30,100936.76,91190.71,348.94,0,Active
L0000057,C000389,Mortgage,2022-03-11,108125.3,37557.15,3001.07,0,Active
L0000058,C000846,Consumer,2017-04-12,12525.19,8563.32,327.29,0,Active
L0000059,C000476,Auto,2019-01-16,21890.16,8615.11,105.3,30,Active
L0000060,C000706,Consumer,2019-04-03,12940.61,1637.6,97.7,15,Active
L0000061,C000647,Consumer,2016-05-04,10715.44,9564.29,39.09,0,Active
L0000062,C000332,Auto,2022-03-15,11594.12,2290.25,73.16,0,Active
L0000063,C000745,Mortgage,2020-12-11,159468.11,143556.75,895.05,0,Active
L0000064,C000238,Consumer,2020-04-30,11490.89,1642.92,145.68,0,Active
L0000065,C000750,Consumer,2017-06-03,9831.05,2853.49,103.57,0,Active
L0000066,C000129,Consumer,2016-06-04,11067.73,9726.66,208.72,0,Active
L0000067,C000695,Auto,2016-06-11,12870.79,8271.89,312.84,60,Active
L0000068,C000113,Consumer,2020-12-30,9346.63,2061.26,278.07,0,Active
L0000069,C000869,Consumer,2021-12-23,9187.71,5355.37,41.31,5,Active
L0000070,C000626,Consumer,2022-05-11,10563.31,2243.14,431.83,5,Active
L0000071,C000041,Mortgage,2022-05-26,149508.97,125138.69,944.93,0,Active
L0000072,C000109,Auto,2019-02-22,20849.78,1977.51,143.97,0,Active
L0000073,C000188,Auto,2016-01-04,28827.16,15186.15,1623.39,0,Active
L0000074,C000961,SME,2017-12-16,85293.23,9137.1,341.95,30,Active
L0000075,C000590,Auto,2022-04-17,31694.95,21410.59,207.66,0,Closed
L0000076,C000280,Mortgage,2022-02-08,145162.13,129516.2,4163.46,5,Active
L0000077,C000277,Consumer,2020-01-22,14715.53,11742.4,422.64,0,Active
L0000078,C000026,Consumer,2016-03-10,9562.92,3677.47,45.08,0,Closed
L0000079,C000204,Mortgage,2022-03-18,157170.67,41369.59,987.2,15,Default
L0000080,C000856,Consumer,2022-07-09,8719.42,1385.73,74.08,0,Active
L0000081,C000599,Consumer,2017-10-24,4647.72,3886.71,40.81,0,Active
L0000082,C000368,Mortgage,2022-06-06,188684.55,23207.86,12967.42,0,Active
L0000083,C000022,Auto,2021-02-11,9255.73,5701.03,765.46,0,Active
L0000084,C000343,Mortgage,2023-02-05,139748.33,53179.93,861.98,0,Closed
L0000085,C000383,Consumer,2021-01-03,7598.34,7189.56,80.18,0,Active
L0000086,C000119,Auto,2016-09-18,25886.67,13148.9,307.96,0,Active
L0000087,C000608,Consumer,2021-03-04,18314.75,9961.61,178.23,0,Active
L0000088,C000661,Mortgage,2016-11-10,143813.0,125994.56,900.44,0,Active
L0000089,C000999,Consumer,2018-01-25,18231.82,16822.02,233.07,0,Active
L0000090,C000359,Auto,2022-12-23,18051.36,10384.46,205.22,0,Active
L0000091,C000276,Auto,2023-09-27,33639.22,25786.61,444.55,5,Active
L0000092,C000823,Consumer,2019-10-19,15730.83,9773.41,91.54,0,Active
L0000093,C000351,Mortgage,2018-04-30,79475.18,34544.71,3706.93,90,Default
L0000094,C000631,Consumer,2019-02-19,12348.03,1254.36,55.83,0,Active
L0000095,C000738,Mortgage,2017-12-08,113137.41,78740.18,730.05,0,Active
L0000096,C000880,Auto,2020-08-01,16247.03,11051.82,226.88,0,Active
L0000097,C000319,Auto,2019-05-14,6400.03,992.21,30.76,0,Active
L0000098,C000623,Auto,2016-06-20,20708.05,5323.25,78.44,0,Active
L0000099,C000132,SME,2020-11-16,20356.18,14430.81,998.42,0,Active
L0000100,C000780,Consumer,2021-02-22,1000.0,184.74,15.98,0,Active
L0000101,C000046,SME,2021-05-01,46399.66,31173.22,987.91,30,Closed
L0000102,C000697,Consumer,2023-07-22,8220.53,5722.97,388.39,0,Active
L0000103,C000210,Mortgage,2021-08-17,81230.83,29893.72,447.44,0,Closed
L0000104,C000463,Auto,2021-05-27,1000.0,282.36,17.72,0,Active
L0000105,C000077,Auto,2017-09-09,12044.1,4645.84,126.43,0,Active
L0000106,C000689,SME,2019-09-18,50658.95,18909.82,222.22,0,Active
L0000107,C000483,Mortgage,2019-06-22,91463.07,54541.06,527.13,30,Closed
L0000108,C000664,Consumer,2023-09-06,13936.72,10026.96,83.29,30,Active
L0000109,C000348,Auto,2019-10-17,27748.62,22908.64,930.29,0,Active
L0000110,C000007,Mortgage,2021-07-03,143236.53,11028.22,580.21,0,Active
L0000111,C000581,Consumer,2020-04-27,17131.97,12059.13,613.22,0,Closed
L0000112,C000699,Consumer,2016-06-15,17545.63,5838.62,87.9,0,Active
L0000113,C000665,Mortgage,2023-06-25,74151.27,59675.29,374.59,0,Active
L0000114,C000263,Mortgage,2021-05-10,139760.16,16512.0,1364.61,0,Active
L0000115,C000717,Auto,2017-11-03,24966.1,13632.92,100.89,5,Active
L0000116,C000542,Mortgage,2016-06-23,100381.78,54588.24,411.37,0,Active
L0000117,C000211,Auto,2023-06-28,12465.61,4286.43,471.96,0,Active
L0000118,C000112,Auto,2018-06-16,21712.85,20046.95,86.56,30,Closed
L0000119,C000326,Consumer,2016-02-20,4591.86,671.47,64.48,0,Active
L0000120,C000024,Consumer,2020-12-02,6559.98,1133.29,32.53,0,Default
L0000121,C000717,Mortgage,2016-02-17,89995.96,56682.49,403.89,90,Active
L0000122,C000016,Auto,2017-09-21,21153.6,10849.03,123.77,0,Active
L0000123,C000049,Mortgage,2023-02-21,129851.06,37399.76,477.9,0,Active
L0000124,C000159,Consumer,2016-04-21,17161.85,5557.77,70.15,0,Active
L0000125,C000327,SME,2022-01-05,31953.25,6113.33,234.59,5,Active
L0000126,C000020,Consumer,2020-12-09,7122.64,5918.82,147.19,0,Active
L0000127,C000630,Consumer,2018-06-12,14619.56,8224.48,115.68,0,Active
L0000128,C000133,SME,2018-04-14,35033.33,9471.3,144.13,0,Active
L0000129,C000804,Mortgage,2019-10-18,92842.32,37515.6,1459.77,0,Active
L0000130,C000560,Mortgage,2020-04-05,36445.58,31562.48,147.99,0,Active
L0000131,C000084,Consumer,2023-02-12,13454.23,11411.3,282.67,0,Closed
L0000132,C000401,Auto,2018-02-01,28789.03,3230.02,168.42,30,Active
L0000133,C000141,Auto,2020-09-19,10794.98,6894.65,54.35,0,Closed
L0000134,C000981,Auto,2021-06-27,25151.93,4720.36,431.63,5,Active
L0000135,C000593,SME,2016-02-06,53515.04,12832.64,463.48,15,Active
L0000136,C000809,Mortgage,2023-02-28,40556.34,33572.01,860.82,30,Active
L0000137,C000375,Consumer,2023-12-06,7526.37,6440.1,76.67,0,Active
L0000138,C000147,Mortgage,2016-09-09,76958.97,9575.44,329.1,0,Active
L0000139,C000235,SME,2018-02-03,47086.81,39389.57,2650.23,5,Active
L0000140,C000417,SME,2022-04-15,65487.86,46211.13,283.11,0,Active
L0000141,C000771,Consumer,2022-06-20,21244.61,15893.93,114.2,0,Active
L0000142,C000431,Auto,2017-03-31,7981.98,6087.33,43.39,0,Active
L0000143,C000929,Consumer,2023-05-02,9576.11,4850.4,116.26,0,Active
L0000144,C000363,Mortgage,2018-08-19,79680.86,71889.42,341.2,0,Active
L0000145,C000234,Consumer,2018-05-07,5660.1,1303.66,76.36,0,Active
L0000146,C000496,SME,2018-11-09,57386.19,28949.53,438.58,0,Default
L0000147,C000112,Consumer,2021-05-14,12007.4,4042.86,919.1,0,Active
L0000148,C000670,Mortgage,2017-08-25,38378.89,30326.55,160.9,0,Active
L0000149,C000101,SME,2020-05-04,55453.76,6900.15,271.53,5,Active
L0000150,C000641,Consumer,2016-08-07,5973.02,2629.98,108.79,0,Active
L0000151,C000383,Consumer,2017-03-05,12059.14,8997.68,71.92,0,Active
L0000152,C000358,Auto,2022-02-21,26886.48,8902.3,517.95,0,Active
L0000153,C000611,Consumer,2019-01-25,14315.34,3814.02,108.3,5,Active
L0000154,C000706,Consumer,2022-05-06,12887.59,3689.64,100.23,0,Active
L0000155,C000929,Mortgage,2021-11-24,96205.54,66596.47,422.78,0,Active
L0000156,C000290,Auto,2023-12-20,18468.07,5690.09,218.06,0,Active
L0000157,C000812,Consumer,2017-02-05,14816.27,6110.46,1861.01,30,Active
L0000158,C000836,Auto,2023-06-22,21249.16,11497.95,198.59,0,Closed
L0000159,C000996,Auto,2023-02-17,17305.47,15517.54,75.47,0,Active
L0000160,C000965,Mortgage,2019-06-23,129781.93,99271.86,530.63,0,Active
L0000161,C000791,Auto,2017-01-30,8784.07,1903.98,475.23,0,Active
L0000162,C000295,Auto,2017-01-24,12859.64,10863.51,682.57,0,Active
L0000163,C000695,SME,2020-01-31,72688.99,58899.21,390.87,0,Active
L0000164,C000785,Mortgage,2016-02-01,157891.48,113792.72,857.2,0,Active
L0000165,C000292,Consumer,2016-10-06,12467.99,6423.7,84.42,0,Active
L0000166,C000814,Consumer,2020-04-01,19394.83,2188.39,655.67,0,Active
L0000167,C000702,SME,2020-07-02,67700.49,46737.35,737.1,15,Active
L0000168,C000491,SME,2022-11-17,49171.81,25397.63,199.2,0,Active
L0000169,C000862,Consumer,2023-10-16,5901.24,1940.31,148.27,0,Active
L0000170,C000088,Consumer,2018-02-21,19193.67,1131.36,356.98,0,Active
L0000171,C000684,Mortgage,2018-08-22,154664.29,39894.74,1065.51,0,Active
L0000172,C000787,Auto,2017-08-03,30588.18,18203.67,139.49,15,Active
L0000173,C000041,Auto,2017-10-17,33167.93,5010.88,153.44,0,Active
L0000174,C000408,Auto,2019-07-05,8991.42,5753.4,51.71,30,Active
L0000175,C000518,Consumer,2023-12-09,5578.33,4394.08,36.91,0,Active
L0000176,C000209,SME,2023-02-22,1000.0,336.36,8.19,0,Closed
L0000177,C000880,Mortgage,2023-04-20,161326.3,19970.1,10229.55,0,Active
L0000178,C000627,Consumer,2019-08-11,15282.41,2685.56,205.3,0,Active
L0000179,C000276,Consumer,2021-04-03,12488.9,4647.34,218.57,15,Active
L0000180,C000437,Consumer,2021-10-11,5869.33,4590.35,278.65,0,Active
L0000181,C000113,Auto,2017-12-10,17376.76,10788.38,76.54,0,Active
L0000182,C000088,Consumer,2019-09-12,12923.53,10740.73,141.06,0,Default
L0000183,C000747,Mortgage,2020-05-25,155222.66,146682.99,1248.25,0,Closed
L0000184,C000984,Mortgage,2018-12-25,132284.41,30730.94,2187.07,0,Active
L0000185,C000277,Consumer,2019-10-13,15319.01,10345.53,103.52,0,Active
L0000186,C000245,Auto,2019-07-11,17131.08,8049.3,448.74,0,Active
L0000187,C000684,Consumer,2016-06-27,17907.41,8848.59,106.87,0,Closed
L0000188,C000511,Consumer,2022-02-21,15158.65,5199.77,73.23,0,Active
L0000189,C000140,Mortgage,2023-03-14,66588.01,23855.89,673.01,0,Active
L0000190,C000668,Auto,2022-01-11,27724.54,18260.87,401.8,60,Active
L0000191,C000210,Consumer,2023-06-19,18127.86,11034.84,90.94,0,Active
L0000192,C000116,Consumer,2019-06-14,14327.37,4823.36,243.97,0,Active
L0000193,C000465,Consumer,2016-06-12,13403.59,2100.65,251.23,90,Active
L0000194,C000740,Consumer,2018-02-20,20293.06,11575.51,185.29,0,Active
L0000195,C000522,Consumer,2022-10-29,3833.44,2742.66,12.82,0,Active
L0000196,C000649,Mortgage,2017-02-10,175855.1,97205.6,1398.89,0,Active
L0000197,C000238,Auto,2020-05-16,14666.55,781.52,216.57,0,Active
L0000198,C000494,Consumer,2016-01-04,17475.89,5314.14,119.09,60,Active
L0000199,C000713,Consumer,2018-08-03,12601.88,9460.5,133.62,0,Active
L0000200,C000529,SME,2016-11-26,23926.85,17186.5,132.44,0,Active
L0000201,C000240,Consumer,2016-11-27,9517.4,565.04,85.79,0,Closed
L0000202,C000955,Consumer,2017-04-25,17108.65,8096.95,114.67,0,Active
L0000203,C000068,Consumer,2020-04-20,10948.96,4856.81,82.51,30,Active
L0000204,C000911,Consumer,2021-07-07,8892.57,5665.04,69.77,0,Active
L0000205,C000725,Mortgage,2018-04-21,91732.26,14904.84,806.34,0,Closed
L0000206,C000112,Auto,2022-07-16,22495.73,13706.06,228.5,0,Active
L0000207,C000256,Consumer,2019-02-18,20753.18,18724.06,80.93,0,Active
L0000208,C000369,Auto,2021-11-21,3013.82,1159.04,35.98,0,Active
L0000209,C000958,SME,2020-03-26,125017.11,44208.65,577.28,0,Active
L0000210,C000517,Mortgage,2021-10-12,129168.58,9745.27,693.98,0,Closed
L0000211,C000259,Auto,2023-10-28,22061.57,2242.68,141.38,60,Active
L0000212,C000920,Mortgage,2023-12-13,100368.22,89168.65,1259.06,15,Active
L0000213,C000119,Consumer,2020-09-10,11982.42,11119.11,82.48,0,Active
L0000214,C000817,Auto,2023-09-11,19347.59,1065.62,92.82,15,Active
L0000215,C000831,Mortgage,2021-08-10,72790.68,62644.51,1329.42,0,Default
L0000216,C000387,SME,2018-02-24,34857.96,7200.4,186.07,0,Active
L0000217,C000044,Consumer,2023-06-24,17922.84,9951.17,86.73,0,Active
L0000218,C000887,Consumer,2017-02-27,4238.27,2798.64,25.13,5,Active
L0000219,C000968,Mortgage,2019-09-29,139846.76,52184.22,3527.66,0,Active
L0000220,C000379,Consumer,2017-03-23,10147.42,5338.45,72.81,0,Active
L0000221,C000186,Consumer,2022-04-09,7196.46,4424.3,119.32,0,Active
L0000222,C000272,Mortgage,2023-02-28,208736.93,46868.47,922.08,0,Active
L0000223,C000137,Consumer,2022-07-18,7227.49,6828.75,74.24,0,Active
L0000224,C000610,Mortgage,2016-10-25,69145.41,16145.01,552.87,0,Active
L0000225,C000519,SME,2018-03-01,50325.68,2984.55,237.91,5,Active
L0000226,C000356,Consumer,2018-09-20,8157.21,7340.31,61.41,0,Closed
L0000227,C000651,Consumer,2016-12-03,12031.9,5248.5,187.02,0,Active
L0000228,C000623,Auto,2020-03-28,19087.8,7802.28,79.09,5,Active
L0000229,C000012,Auto,2016-04-09,19642.61,5855.54,113.99,0,Active
L0000230,C000410,Auto,2020-11-26,17132.76,1254.95,103.29,0,Active
L0000231,C000864,SME,2020-08-05,37445.96,10788.61,1643.21,0,Active
L0000232,C000796,Mortgage,2020-10-05,148953.14,60172.64,1110.51,0,Active
L0000233,C000855,Consumer,2023-04-19,11441.54,5930.11,101.19,0,Active
L0000234,C000955,Auto,2022-04-15,14530.68,6711.43,167.33,0,Active
L0000235,C000062,Mortgage,2018-01-28,186599.72,156955.1,1075.47,5,Active
L0000236,C000271,Auto,2020-07-27,17150.82,14924.59,221.14,5,Active
L0000237,C000460,Mortgage,2022-06-01,169139.4,56736.02,1143.89,0,Active
L0000238,C000511,SME,2022-10-21,85670.96,78268.92,384.44,0,Active
L0000239,C000787,Auto,2021-02-21,27013.71,22379.26,147.19,0,Active
L0000240,C000725,Consumer,2016-09-04,15455.79,13676.38,210.1,0,Active
L0000241,C000707,Consumer,2019-06-23,11996.83,8226.2,210.11,0,Active
L0000242,C000159,SME,2022-11-13,53398.96,12198.71,7263.96,0,Active
L0000243,C000678,Auto,2016-08-03,16291.16,3677.0,184.18,0,Active
L0000244,C000796,Auto,2020-09-18,2831.73,2457.34,275.18,0,Default
L0000245,C000753,Auto,2020-04-27,23031.65,11661.87,626.4,0,Active
L0000246,C000583,Mortgage,2017-10-12,131000.95,111536.9,522.25,0,Active
L0000247,C000089,Mortgage,2018-10-01,157148.59,109767.21,613.46,0,Active
L0000248,C000150,Mortgage,2023-10-26,114734.93,27681.07,745.52,0,Active
L0000249,C000744,Consumer,2020-10-05,15324.13,6072.7,80.75,5,Closed
L0000250,C000869,Consumer,2023-07-07,5112.46,4708.8,35.3,0,Active
L0000251,C000826,Consumer,2019-10-08,6153.67,416.14,39.37,0,Active
L0000252,C000427,SME,2022-10-05,1000.0,693.13,4.5,0,Closed
L0000253,C000588,Mortgage,2020-12-14,113954.29,106080.24,4158.11,0,Closed
L0000254,C000177,Auto,2023-04-15,12592.32,1809.92,123.18,0,Default
L0000255,C000592,Consumer,2018-08-12,7483.09,2205.97,203.12,0,Active
L0000256,C000196,Consumer,2019-01-20,13673.26,7415.17,68.24,0,Active
L0000257,C000796,Mortgage,2016-04-28,100852.18,81628.59,441.7,0,Active
L0000258,C000786,Auto,2017-10-27,7968.36,4030.88,40.06,0,Active
L0000259,C000052,Auto,2017-02-08,35813.37,3711.57,196.82,30,Active
L0000260,C000936,Consumer,2017-06-18,11814.95,1943.16,100.87,0,Active
L0000261,C000797,Consumer,2018-06-19,6584.18,2556.96,668.13,0,Active
L0000262,C000379,Consumer,2022-12-26,8650.82,2943.76,41.96,0,Active
L0000263,C000452,Consumer,2019-01-10,11134.29,2758.08,51.44,0,Active
L0000264,C000079,Consumer,2022-08-10,11123.77,8967.05,44.5,90,Active
L0000265,C000937,Consumer,2022-07-06,18510.82,1373.38,216.15,0,Closed
L0000266,C000101,Auto,2023-11-04,17443.99,13892.57,272.14,0,Active
L0000267,C000923,Auto,2020-01-25,30986.46,27252.97,159.26,0,Active
L0000268,C000655,Mortgage,2022-10-12,100540.97,62043.82,11110.28,0,Active
L0000269,C000919,Auto,2019-05-09,20985.05,12859.96,981.7,0,Active
L0000270,C000371,Consumer,2021-01-20,17109.9,3150.21,73.52,0,Active
L0000271,C000896,SME,2022-06-25,84878.81,47658.26,347.88,0,Closed
L0000272,C000427,Consumer,2017-02-19,18559.36,7194.67,170.49,0,Active
L0000273,C000351,Mortgage,2016-06-16,107759.47,27602.03,732.22,0,Active
L0000274,C000338,Auto,2017-04-26,17961.58,10327.84,115.71,0,Active
L0000275,C000952,Mortgage,2021-10-06,8425.98,430.33,196.46,0,Active
L0000276,C000466,Auto,2019-10-15,16627.93,4967.95,231.36,0,Active
L0000277,C000479,SME,2018-03-28,82281.35,52696.09,901.44,0,Active
L0000278,C000644,Auto,2022-02-19,24277.86,11156.56,106.64,0,Active
L0000279,C000556,Consumer,2016-02-14,11567.56,2094.61,102.26,0,Active
L0000280,C000542,Consumer,2017-05-20,20495.7,1049.1,101.14,0,Active
L0000281,C000380,Consumer,2019-10-03,10079.97,2957.42,170.4,30,Active
L0000282,C000165,Mortgage,2023-04-27,87773.71,47762.36,351.45,0,Active
L0000283,C000995,SME,2021-12-27,43295.96,22994.09,162.92,0,Active
L0000284,C000492,Consumer,2021-06-19,6387.67,1072.9,46.88,0,Active
L0000285,C000973,Consumer,2021-09-06,15111.98,9102.36,212.5,0,Active
L0000286,C000461,Mortgage,2018-06-30,132981.68,126203.86,519.9,0,Active
L0000287,C000600,SME,2019-07-31,70249.49,40490.41,284.38,0,Active
L0000288,C000546,SME,2023-01-30,44640.72,23430.77,310.3,0,Active
L0000289,C000966,Consumer,2021-10-31,11709.64,7147.21,157.36,60,Closed
L0000290,C000111,Consumer,2020-10-14,1107.91,932.53,7.07,30,Active
L0000291,C000518,Auto,2016-08-30,20633.58,18599.1,211.29,0,Active
L0000292,C000154,Consumer,2021-11-10,12494.21,1086.12,75.51,0,Active
L0000293,C000869,SME,2018-12-03,27486.81,6445.5,126.88,0,Active
L0000294,C000531,SME,2019-01-30,52383.56,8076.9,370.82,15,Active
L0000295,C000924,Auto,2021-05-21,16195.05,12067.23,825.56,0,Active
L0000296,C000276,Mortgage,2019-02-23,199394.04,18146.17,1127.54,0,Active
L0000297,C000163,Auto,2020-07-30,10572.11,9117.09,42.34,0,Active
L0000298,C000630,SME,2016-02-06,63285.65,4335.06,883.37,0,Active
L0000299,C000146,Consumer,2017-06-24,6546.16,3877.24,24.11,0,Active
L0000300,C000373,Auto,2020-04-19,14094.89,4200.54,146.08,5,Active
L0000301,C000314,Consumer,2023-08-28,13384.09,6337.46,74.85,0,Active
L0000302,C000221,SME,2022-01-30,49715.93,22257.69,245.17,5,Active
L0000303,C000131,Consumer,2019-05-04,11970.05,8666.36,223.69,0,Default
L0000304,C000657,Mortgage,2023-09-29,134972.49,67078.35,8058.9,0,Active
L0000305,C000759,Consumer,2018-03-15,9531.55,4089.98,36.95,0,Active
L0000306,C000394,Mortgage,2023-02-18,159786.59,113008.97,835.3,0,Closed
L0000307,C000282,Consumer,2019-03-24,10472.6,9249.68,57.04,0,Active
L0000308,C000158,SME,2016-09-11,52561.11,40184.56,568.68,0,Active
L0000309,C000678,Mortgage,2016-01-08,136259.01,97158.85,4580.78,0,Active
L0000310,C000809,SME,2023-11-03,60675.01,29667.04,793.16,5,Active
L0000311,C000549,Mortgage,2021-02-18,148990.26,128160.56,997.99,0,Active
L0000312,C000432,Consumer,2017-03-12,13584.82,6625.07,61.9,0,Closed
L0000313,C000649,SME,2023-12-06,66725.77,59202.92,677.07,0,Active
L0000314,C000916,Consumer,2016-04-30,10373.14,8014.6,158.9,0,Active
L0000315,C000990,Auto,2018-09-04,10518.6,1948.41,165.07,15,Active
L0000316,C000194,SME,2021-12-26,19309.03,1782.09,67.22,0,Active
L0000317,C000477,Consumer,2016-06-04,3646.45,2613.67,19.87,0,Closed
L0000318,C000877,Auto,2023-03-30,30339.09,20243.91,127.39,5,Closed
L0000319,C000633,Mortgage,2021-06-02,20425.2,12089.27,3193.14,0,Active
L0000320,C000816,Consumer,2023-08-05,17968.62,16685.93,134.19,90,Active
L0000321,C000996,Consumer,2022-09-10,7895.65,4270.47,64.31,0,Active
L0000322,C000104,Auto,2022-08-05,26305.09,9551.64,233.12,0,Closed
L0000323,C000613,Auto,2017-10-26,2582.22,1442.09,26.4,0,Active
L0000324,C000532,Consumer,2017-08-21,10824.53,818.02,363.91,0,Active
L0000325,C000285,SME,2017-12-08,91350.61,52192.06,7229.88,0,Active
L0000326,C000654,Mortgage,2017-03-25,152094.43,131133.87,671.9,0,Closed
L0000327,C000104,SME,2021-04-23,46568.36,2509.9,411.18,0,Active
L0000328,C000496,Mortgage,2016-06-21,32566.02,26403.66,740.0,15,Closed
L0000329,C000415,Consumer,2019-06-05,5387.56,4157.77,60.1,0,Active
L0000330,C000391,Consumer,2020-08-26,18945.74,2756.47,81.87,0,Active
L0000331,C000615,Consumer,2020-04-22,10258.79,8331.65,83.61,0,Active
L0000332,C000944,Auto,2019-11-23,17497.23,12898.8,58.48,0,Active
L0000333,C000948,Auto,2017-10-13,19984.75,9831.33,364.09,5,Active
L0000334,C000701,Auto,2016-11-15,8880.13,2403.78,227.9,0,Active
L0000335,C000332,Mortgage,2023-11-25,138328.06,42783.54,888.63,15,Default
L0000336,C000966,Mortgage,2019-09-19,101117.3,60776.3,510.88,0,Closed
L0000337,C000999,Mortgage,2020-10-03,133216.63,36191.44,531.35,5,Active
L0000338,C000847,Consumer,2020-07-14,9109.75,3123.0,74.33,0,Active
L0000339,C000874,Mortgage,2018-12-13,49209.78,43686.21,954.65,0,Active
L0000340,C000818,Consumer,2021-10-12,9863.14,6967.28,63.97,0,Active
L0000341,C000761,Auto,2019-01-03,22485.44,16020.13,277.72,0,Active
L0000342,C000726,SME,2019-04-24,64851.5,59037.1,1310.85,0,Active
L0000343,C000639,Auto,2022-06-04,18216.52,1005.82,732.55,0,Active
L0000344,C000647,Mortgage,2018-07-18,160415.93,43318.28,869.84,0,Active
L0000345,C000390,Consumer,2021-08-04,10982.03,7052.4,58.59,0,Active
L0000346,C000887,Mortgage,2021-04-27,122532.43,54458.85,2166.06,0,Active
L0000347,C000635,Consumer,2016-03-30,9601.17,1454.81,70.06,0,Closed
L0000348,C000614,Consumer,2021-06-20,16783.09,12639.52,73.49,15,Active
L0000349,C000742,SME,2022-05-28,62288.21,5753.27,302.27,0,Closed
L0000350,C000076,Consumer,2018-02-28,9215.21,4971.29,78.76,0,Active
L0000351,C000919,Consumer,2023-04-23,4554.85,2533.49,242.39,30,Active
L0000352,C000583,Consumer,2016-02-27,17524.81,10906.83,107.29,0,Active
L0000353,C000945,SME,2017-06-08,36398.37,12159.37,284.89,0,Active
L0000354,C000103,Mortgage,2023-07-24,123242.9,8779.93,544.69,0,Active
L0000355,C000234,Auto,2022-11-03,34468.2,29300.9,218.25,60,Closed
L0000356,C000950,Mortgage,2022-01-14,156067.93,138320.56,674.39,0,Active
L0000357,C000693,Mortgage,2020-10-29,192501.73,93130.38,1149.75,0,Active
L0000358,C000647,Auto,2017-08-10,14233.13,976.06,93.51,0,Active
L0000359,C000405,Mortgage,2019-11-29,168193.94,96338.8,2039.55,5,Active
L0000360,C000556,Auto,2020-07-09,18186.68,6080.48,176.63,0,Active
L0000361,C000547,Mortgage,2016-09-18,136470.76,29237.09,1572.08,30,Active
L0000362,C000198,Consumer,2020-10-03,22104.21,4466.32,163.11,0,Active
L0000363,C000567,Consumer,2016-09-17,10606.77,2241.53,41.01,0,Active
L0000364,C000516,Auto,2017-01-02,18134.78,6306.5,205.26,0,Active
L0000365,C000314,Auto,2017-05-11,11677.5,3533.12,93.83,15,Closed
L0000366,C000343,Auto,2017-07-13,24219.28,19442.81,84.59,0,Active
L0000367,C000768,Consumer,2016-08-27,9196.87,4559.65,194.73,0,Default
L0000368,C000676,Mortgage,2023-08-25,166021.97,72200.09,2317.31,0,Active
L0000369,C000470,Consumer,2022-06-01,3750.43,679.77,27.79,0,Active
L0000370,C000605,Consumer,2020-01-23,14743.19,12359.24,140.32,0,Active
L0000371,C000242,Mortgage,2018-12-12,91033.8,9043.3,1056.04,0,Closed
L0000372,C000500,SME,2017-07-13,73262.94,19457.04,306.87,0,Active
L0000373,C000562,Consumer,2023-08-03,11932.2,7270.59,79.86,0,Active
L0000374,C000253,Mortgage,2022-05-17,95909.75,65418.24,906.17,0,Closed
L0000375,C000170,SME,2022-01-04,45336.01,34955.92,322.61,0,Closed
L0000376,C000526,Consumer,2019-10-06,7748.06,3248.47,31.24,5,Active
L0000377,C000941,Auto,2016-03-21,23864.51,8640.53,77.84,0,Active
L0000378,C000462,Mortgage,2021-02-07,72811.32,22549.41,917.05,0,Active
L0000379,C000902,Consumer,2019-11-24,10664.61,5985.89,753.74,0,Active
L0000380,C000852,Consumer,2018-05-18,13726.2,4993.21,897.49,0,Active
L0000381,C000745,Consumer,2018-07-09,20067.47,6928.99,176.66,0,Active
L0000382,C000895,Auto,2016-06-18,17934.91,1169.39,98.35,0,Active
L0000383,C000412,Mortgage,2022-12-20,109087.02,98558.42,5416.78,30,Active
L0000384,C000760,Mortgage,2017-04-26,132313.57,13831.38,836.75,0,Active
L0000385,C000145,Mortgage,2022-07-02,26694.11,7842.31,207.04,0,Active
L0000386,C000320,Consumer,2023-10-12,6006.77,5281.62,22.67,0,Active
L0000387,C000567,Mortgage,2016-05-14,103108.51,73394.01,676.46,0,Active
L0000388,C000039,Auto,2020-12-25,13009.22,7419.49,122.69,0,Active
L0000389,C000766,Consumer,2016-07-13,3995.83,2576.24,21.74,15,Active
L0000390,C000926,Mortgage,2022-08-23,158600.04,21784.36,3380.9,0,Closed
L0000391,C000106,Consumer,2020-01-20,13298.78,10343.56,91.5,0,Active
L0000392,C000993,Mortgage,2016-03-03,126311.94,34747.92,1461.12,0,Active
L0000393,C000089,Consumer,2022-03-05,8530.04,7767.39,146.23,0,Default
L0000394,C000128,Auto,2022-02-13,18555.75,4791.78,156.3,0,Active
L0000395,C000763,Auto,2023-05-24,21601.15,13237.79,136.17,0,Active
L0000396,C000686,Consumer,2019-11-17,10675.52,5773.24,73.13,15,Closed
L0000397,C000937,Consumer,2023-06-17,14222.86,2542.94,56.65,0,Closed
L0000398,C000426,Mortgage,2021-04-26,84177.28,31704.06,978.03,0,Active
L0000399,C000573,Auto,2020-03-15,18682.4,14070.9,94.24,0,Default
L0000400,C000149,Consumer,2018-11-11,17712.49,4274.54,108.27,0,Active
L0000401,C000692,Consumer,2018-05-05,18160.1,16645.03,79.82,30,Active
L0000402,C000999,SME,2020-12-17,88189.72,27862.24,383.88,0,Active
L0000403,C000597,Consumer,2021-11-29,13427.84,8245.36,62.29,5,Active
L0000404,C000934,Auto,2016-04-14,18221.3,11059.97,170.91,5,Active
L0000405,C000394,Consumer,2019-04-17,9756.06,4621.45,65.57,0,Active
L0000406,C000983,Mortgage,2016-05-13,38663.19,24737.65,233.26,0,Active
L0000407,C000537,Mortgage,2019-03-04,59479.51,42778.81,237.3,0,Active
L0000408,C000144,Consumer,2022-05-21,11159.73,6775.1,161.77,0,Active
L0000409,C000363,Consumer,2021-07-10,11458.56,6347.99,41.74,0,Active
L0000410,C000492,Auto,2016-12-29,27885.56,16618.81,134.86,0,Active
L0000411,C000068,Auto,2021-09-24,27203.59,11201.36,854.57,15,Active
L0000412,C000896,Consumer,2016-02-10,8567.57,974.87,105.98,0,Active
L0000413,C000240,Consumer,2016-02-06,16091.63,3117.41,254.15,15,Active
L0000414,C000676,Consumer,2023-04-18,9614.66,5730.66,64.17,30,Closed
L0000415,C000920,Consumer,2016-04-05,15413.08,13632.2,262.73,30,Closed
L0000416,C000435,Auto,2018-02-14,23642.12,1729.81,291.3,0,Active
L0000417,C000610,Mortgage,2017-01-20,175894.18,94918.07,3302.69,0,Active
L0000418,C000517,SME,2020-08-27,42683.92,11817.27,1950.45,0,Active
L0000419,C000765,Mortgage,2020-03-05,165643.67,92025.97,1239.27,0,Active
L0000420,C000039,Mortgage,2022-09-15,35723.37,25888.43,345.85,0,Active
L0000421,C000360,Auto,2023-11-22,27073.51,19273.84,190.31,0,Active
L0000422,C000612,Mortgage,2021-12-18,118874.25,83496.94,1684.58,0,Closed
L0000423,C000092,Consumer,2019-09-24,11981.36,8998.37,145.2,0,Active
L0000424,C000860,Mortgage,2016-05-16,28315.36,3266.17,115.08,30,Active
L0000425,C000633,Auto,2023-05-17,15279.34,7771.38,63.37,0,Active
L0000426,C000003,Consumer,2020-06-25,18777.4,5362.84,264.96,30,Active
L0000427,C000013,Mortgage,2017-09-27,100798.41,88616.27,2208.56,0,Active
L0000428,C000160,Consumer,2020-05-01,15567.31,11746.96,59.6,0,Active
L0000429,C000664,Mortgage,2019-02-18,121554.98,17843.1,724.48,0,Active
L0000430,C000518,SME,2018-10-19,81566.73,21935.05,563.44,0,Active
L0000431,C000483,Mortgage,2019-08-16,128617.54,59125.26,627.0,0,Active
L0000432,C000561,Consumer,2022-01-09,7340.94,6728.84,105.4,5,Active
L0000433,C000495,Consumer,2017-04-23,12282.25,1826.44,104.38,30,Active
L0000434,C000344,Consumer,2023-09-15,20006.08,11226.92,167.26,0,Active
L0000435,C000008,SME,2016-07-01,67441.13,24087.19,376.26,0,Active
L0000436,C000028,Consumer,2017-03-05,11417.77,7212.68,201.51,0,Active
L0000437,C000690,Auto,2021-05-28,33790.21,21417.45,248.84,0,Active
L0000438,C000744,Consumer,2017-02-28,17796.08,4743.23,78.62,0,Active
L0000439,C000240,Consumer,2022-03-20,16083.67,12179.01,266.09,0,Closed
L0000440,C000243,Consumer,2021-11-15,13586.71,1795.3,388.22,0,Active
L0000441,C000408,Mortgage,2019-06-09,152862.32,120199.46,716.42,0,Active
L0000442,C000645,Mortgage,2019-08-19,154322.94,37156.36,694.01,0,Active
L0000443,C000594,Mortgage,2023-12-29,21773.31,12642.05,186.69,0,Active
L0000444,C000560,SME,2022-05-11,64873.41,23521.72,3715.04,0,Active
L0000445,C000037,Auto,2021-01-19,16874.36,10104.4,111.6,0,Active
L0000446,C000431,Mortgage,2017-02-15,97510.07,28343.84,1208.46,0,Closed
L0000447,C000753,Consumer,2020-09-17,11022.81,6195.56,65.83,0,Closed
L0000448,C000591,Auto,2016-04-26,7109.06,407.91,163.54,15,Active
L0000449,C000807,Consumer,2018-01-05,2976.95,1152.11,12.29,0,Active
L0000450,C000696,Consumer,2021-07-30,18232.51,14472.06,101.63,15,Active
L0000451,C000900,Auto,2019-04-05,21235.1,9910.55,105.97,0,Active
L0000452,C000573,Mortgage,2023-12-14,11414.45,5699.64,91.25,0,Active
L0000453,C000570,Consumer,2023-07-05,9118.08,5556.73,129.36,0,Active
L0000454,C000558,Mortgage,2016-10-03,159624.83,70360.81,602.78,0,Active
L0000455,C000265,Mortgage,2023-01-23,107399.35,89181.1,1305.84,0,Active
L0000456,C000437,Auto,2022-11-28,26715.03,11033.1,245.21,0,Active
L0000457,C000169,Auto,2016-11-05,25348.26,22770.27,95.44,0,Active
L0000458,C000431,SME,2019-01-30,21082.22,17693.13,1445.37,0,Active
L0000459,C000150,Mortgage,2023-08-01,113550.42,48710.74,2711.76,0,Active
L0000460,C000491,Auto,2016-02-19,14863.37,5636.5,66.8,0,Active
L0000461,C000955,SME,2016-06-20,20269.04,13356.59,174.31,0,Active
L0000462,C000453,Consumer,2020-01-29,4728.63,3450.84,28.2,60,Active
L0000463,C000739,SME,2023-08-15,34849.46,7571.93,244.02,0,Active
L0000464,C000440,SME,2018-03-25,38976.86,10404.51,166.56,0,Active
L0000465,C000906,Auto,2022-03-06,19982.61,3629.39,125.76,0,Active
L0000466,C000211,SME,2021-07-17,81105.34,59581.82,673.92,0,Closed
L0000467,C000835,Consumer,2017-03-02,14568.22,10095.22,94.64,0,Active
L0000468,C000725,Consumer,2018-04-20,15751.86,3467.75,84.56,0,Active
L0000469,C000889,SME,2020-12-27,48334.55,25771.37,395.78,90,Active
L0000470,C000133,Auto,2019-11-07,22221.0,16395.0,479.92,5,Active
L0000471,C000895,Mortgage,2017-11-23,113323.13,102254.38,838.87,0,Active
L0000472,C000909,Consumer,2017-08-08,9792.64,2063.02,34.56,30,Closed
L0000473,C000296,Consumer,2020-06-15,21485.5,6959.09,690.96,0,Active
L0000474,C000625,Auto,2022-08-15,1686.67,613.11,31.13,90,Active
L0000475,C000587,Mortgage,2019-04-20,35701.31,21866.32,148.95,0,Active
L0000476,C000049,Consumer,2023-05-26,13913.5,2403.93,68.78,90,Active
L0000477,C000526,Consumer,2021-05-02,10675.09,2392.14,274.98,0,Active
L0000478,C000659,Mortgage,2019-03-23,55335.7,41634.21,856.22,0,Active
L0000479,C000206,SME,2021-08-26,28634.73,15401.14,163.54,30,Active
L0000480,C000362,Consumer,2019-08-03,7377.97,1433.89,31.53,0,Closed
L0000481,C000586,Mortgage,2022-01-18,160155.14,63996.31,847.58,0,Active
L0000482,C000930,Consumer,2023-11-09,18062.05,3089.42,68.95,0,Closed
L0000483,C000061,Auto,2022-04-19,29476.94,11095.74,193.64,0,Closed
L0000484,C000937,Consumer,2017-02-18,4054.94,1663.25,16.96,0,Closed
L0000485,C000817,Consumer,2016-07-28,5164.38,779.3,33.49,0,Default
L0000486,C000846,Consumer,2022-06-19,4821.87,500.75,38.97,0,Active
L0000487,C000048,SME,2022-10-10,87221.43,73566.19,511.88,5,Active
L0000488,C000568,Auto,2020-07-14,20920.57,17759.12,163.5,0,Active
L0000489,C000369,Auto,2017-12-16,18561.39,971.15,108.4,5,Active
L0000490,C000920,Consumer,2023-01-15,13148.14,8244.99,53.63,0,Active
L0000491,C000741,SME,2019-08-02,53580.54,7196.46,192.87,0,Active
L0000492,C000650,Auto,2018-05-03,10152.01,7909.71,60.39,0,Active
L0000493,C000028,Consumer,2018-12-05,14565.86,12258.72,2350.63,15,Active
L0000494,C000876,SME,2018-05-14,50346.54,30457.32,271.09,0,Active
L0000495,C000490,Auto,2018-04-04,9597.75,5776.31,115.51,0,Active
L0000496,C000161,Auto,2018-08-09,22020.0,8463.02,339.91,15,Active
L0000497,C000875,Auto,2021-05-22,15019.49,4123.18,54.21,0,Active
L0000498,C000905,Consumer,2016-02-18,13137.42,6560.09,119.03,0,Active
L0000499,C000497,Consumer,2018-11-25,11375.1,1937.7,50.43,0,Active
L0000500,C000662,Mortgage,2017-05-11,160112.04,104873.77,1337.04,0,Active
